chr,start_position,end_position,rs,strain_id,strain_name,genotyp,imputed_flag,percent_impluted,percent_missing
6,110002640,110002643,rs29877327,5245350778736364583,129P2/OlaHsd:129P2/OlaHsd,A,0,89.8,3.6
6,110002640,110002643,rs29877327,7681566451879352201,C57L/J:C57L/J,A,0,89.8,3.6
6,110002640,110002643,rs29877327,6958038404446949245,NZO/HlLtJ:NZO/HlLtJ,A,0,89.8,3.6
6,110002640,110002643,rs29877327,814856115666740427,NZB/BlNJ:NZB/BlNJ,A,0,89.8,3.6
6,110002640,110002643,rs29877327,7937957394800611869,C57BL/10J:C57BL/10J,A,0,89.8,3.6
6,110002640,110002643,rs29877327,5979713106261386838,129S5SvEvBrd:129S5SvEvBrd,A,0,89.8,3.6
6,110002640,110002643,rs29877327,1891018359168858864,CBA/J:CBA/J,A,0,89.8,3.6
6,110002640,110002643,rs29877327,6681177378357323286,C57BL/6J:C57BL/6J,A,0,89.8,3.6
6,110002640,110002643,rs29877327,4073478720495861953,WSB/EiJ:WSB/EiJ,A,0,89.8,3.6
6,110002640,110002643,rs29877327,3607579610645510828,LEWES/EiJ:LEWES/EiJ,A,0,89.8,3.6
6,110002640,110002643,rs29877327,1264315897262221509,LP/J:LP/J,A,0,89.8,3.6
6,110002640,110002643,rs29877327,8177044273458621995,ZALENDE/EiJ:ZALENDE/EiJ,A,0,89.8,3.6
6,110002640,110002643,rs29877327,2730850007323893965,129S1/SvImJ:129S1/SvImJ,A,0,89.8,3.6
6,110002640,110002643,rs29877327,6564127436991157087,C58/J:C58/J,A,0,89.8,3.6
6,110002640,110002643,rs29877327,5769137029261498615,FVB/NJ:FVB/NJ,A,0,89.8,3.6
6,110002640,110002643,rs29877327,2960012663662558255,A/J:A/J,A,0,89.8,3.6
6,110002640,110002643,rs29877327,4387230412008939904,RF/J:RF/J,A,0,89.8,3.6
6,110002640,110002643,rs29877327,8511966040537084826,SEA/GnJ:SEA/GnJ,A,0,89.8,3.6
6,110002640,110002643,rs29877327,7944348991773846878,NZW/LacJ:NZW/LacJ,A,0,89.8,3.6
6,110002640,110002643,rs29877327,2806925360088926694,BUB/BnJ:BUB/BnJ,A,0,89.8,3.6
6,110002640,110002643,rs29877327,8074585201083932779,C3H/HeH:C3H/HeH,A,0,89.8,3.6
6,110002640,110002643,rs29877327,5239076565946315926,C57BR/cdJ:C57BR/cdJ,A,0,89.8,3.6
6,110002640,110002643,rs29877327,6046422665330736415,C3H/HeJ:C3H/HeJ,A,0,89.8,3.6
6,110002640,110002643,rs29877327,2349061200250038172,AKR/J:AKR/J,A,0,89.8,3.6
6,110002640,110002643,rs29877327,3839281026136148515,C57BL/6NJ:C57BL/6NJ,A,0,89.8,3.6
6,110002640,110002643,rs29877327,6304759151880371464,I/LnJ:I/LnJ,A,0,89.8,3.6
6,110002640,110002643,rs29877327,4411365685096160973,BALB/cJ:BALB/cJ,A,0,89.8,3.6
6,110002640,110002643,rs29877327,5259399829242804489,BTBR T+ Itpr3tf/J:BTBR T+ Itpr3tf/J,A,0,89.8,3.6
6,110002640,110002643,rs29877327,4415282279763547520,DBA/1J:DBA/1J,A,0,89.8,3.6
6,110002371,110002374,rs30164871,1687672774222285263,NOD/ShiLtJ:NOD/ShiLtJ,A,0,89.9,3.6
6,110002371,110002374,rs30164871,5282574083772115650,ST/bJ:ST/bJ,A,0,89.9,3.6
6,110002371,110002374,rs30164871,3605030659903441081,DBA/2J:DBA/2J,A,0,89.9,3.6
6,110002371,110002374,rs30164871,5605071338391218667,KK/HlJ:KK/HlJ,A,0,89.9,3.6
6,110002371,110002374,rs30164871,7219807892566518033,MOLF/EiJ:MOLF/EiJ,A,0,89.9,3.6
6,110002371,110002374,rs30164871,3552011983362060780,PWK/PhJ:PWK/PhJ,A,0,89.9,3.6
6,110002400,110002403,rs30801476,2960012663662558255,A/J:A/J,A,0,89.9,3.6
6,110002400,110002403,rs30801476,5979713106261386838,129S5SvEvBrd:129S5SvEvBrd,A,0,89.9,3.6
6,110002400,110002403,rs30801476,1264315897262221509,LP/J:LP/J,A,0,89.9,3.6
6,110002400,110002403,rs30801476,5259399829242804489,BTBR T+ Itpr3tf/J:BTBR T+ Itpr3tf/J,A,0,89.9,3.6
6,110002400,110002403,rs30801476,5239076565946315926,C57BR/cdJ:C57BR/cdJ,A,0,89.9,3.6
6,110002400,110002403,rs30801476,6958038404446949245,NZO/HlLtJ:NZO/HlLtJ,A,0,89.9,3.6
6,110002400,110002403,rs30801476,5245350778736364583,129P2/OlaHsd:129P2/OlaHsd,A,0,89.9,3.6
6,110002400,110002403,rs30801476,2730850007323893965,129S1/SvImJ:129S1/SvImJ,A,0,89.9,3.6
6,110002400,110002403,rs30801476,4415282279763547520,DBA/1J:DBA/1J,A,0,89.9,3.6
6,110002400,110002403,rs30801476,4411365685096160973,BALB/cJ:BALB/cJ,A,0,89.9,3.6
6,110002400,110002403,rs30801476,6304759151880371464,I/LnJ:I/LnJ,A,0,89.9,3.6
6,110002400,110002403,rs30801476,8177044273458621995,ZALENDE/EiJ:ZALENDE/EiJ,A,0,89.9,3.6
6,110002400,110002403,rs30801476,3552011983362060780,PWK/PhJ:PWK/PhJ,A,0,89.9,3.6
6,110002400,110002403,rs30801476,5338412136937489536,CAST/EiJ:CAST/EiJ,A,0,89.9,3.6
6,110002400,110002403,rs30801476,2349061200250038172,AKR/J:AKR/J,A,0,89.9,3.6
6,110002400,110002403,rs30801476,7681566451879352201,C57L/J:C57L/J,A,0,89.9,3.6
6,110002400,110002403,rs30801476,3839281026136148515,C57BL/6NJ:C57BL/6NJ,A,0,89.9,3.6
6,110002400,110002403,rs30801476,8074585201083932779,C3H/HeH:C3H/HeH,A,0,89.9,3.6
6,110002400,110002403,rs30801476,1891018359168858864,CBA/J:CBA/J,A,0,89.9,3.6
6,110002400,110002403,rs30801476,814856115666740427,NZB/BlNJ:NZB/BlNJ,A,0,89.9,3.6
6,110002400,110002403,rs30801476,2806925360088926694,BUB/BnJ:BUB/BnJ,A,0,89.9,3.6
6,110002400,110002403,rs30801476,6046422665330736415,C3H/HeJ:C3H/HeJ,A,0,89.9,3.6
6,110002400,110002403,rs30801476,6681177378357323286,C57BL/6J:C57BL/6J,A,0,89.9,3.6
6,110002400,110002403,rs30801476,4073478720495861953,WSB/EiJ:WSB/EiJ,A,0,89.9,3.6
6,110002400,110002403,rs30801476,4209403369874301701,SPRET/EiJ:SPRET/EiJ,A,0,89.9,3.6
6,110002400,110002403,rs30801476,5769137029261498615,FVB/NJ:FVB/NJ,A,0,89.9,3.6
6,110002400,110002403,rs30801476,8511966040537084826,SEA/GnJ:SEA/GnJ,A,0,89.9,3.6
6,110002400,110002403,rs30801476,7944348991773846878,NZW/LacJ:NZW/LacJ,A,0,89.9,3.6
6,110002400,110002403,rs30801476,4387230412008939904,RF/J:RF/J,A,0,89.9,3.6
6,110002400,110002403,rs30801476,6564127436991157087,C58/J:C58/J,A,0,89.9,3.6
6,110002400,110002403,rs30801476,3607579610645510828,LEWES/EiJ:LEWES/EiJ,A,0,89.9,3.6
6,110002400,110002403,rs30801476,7937957394800611869,C57BL/10J:C57BL/10J,A,0,89.9,3.6
6,110001760,110001763,rs30852320,4411365685096160973,BALB/cJ:BALB/cJ,A,0,89.9,3.6
6,110001760,110001763,rs30852320,5245350778736364583,129P2/OlaHsd:129P2/OlaHsd,A,0,89.9,3.6
6,110001760,110001763,rs30852320,5769137029261498615,FVB/NJ:FVB/NJ,A,0,89.9,3.6
6,110001760,110001763,rs30852320,5979713106261386838,129S5SvEvBrd:129S5SvEvBrd,A,0,89.9,3.6
6,110001760,110001763,rs30852320,2960012663662558255,A/J:A/J,A,0,89.9,3.6
6,110001760,110001763,rs30852320,7944348991773846878,NZW/LacJ:NZW/LacJ,A,0,89.9,3.6
6,110001760,110001763,rs30852320,1891018359168858864,CBA/J:CBA/J,A,0,89.9,3.6
6,110001760,110001763,rs30852320,7574261426165932057,BALB/cByJ:BALB/cByJ,A,0,89.9,3.6
6,110001760,110001763,rs30852320,4209403369874301701,SPRET/EiJ:SPRET/EiJ,A,0,89.9,3.6
6,110001760,110001763,rs30852320,6046422665330736415,C3H/HeJ:C3H/HeJ,A,0,89.9,3.6
6,110001760,110001763,rs30852320,2730850007323893965,129S1/SvImJ:129S1/SvImJ,A,0,89.9,3.6
6,110001760,110001763,rs30852320,6564127436991157087,C58/J:C58/J,A,0,89.9,3.6
6,110001760,110001763,rs30852320,2349061200250038172,AKR/J:AKR/J,A,0,89.9,3.6
6,110001760,110001763,rs30852320,4073478720495861953,WSB/EiJ:WSB/EiJ,A,0,89.9,3.6
6,110001760,110001763,rs30852320,6681177378357323286,C57BL/6J:C57BL/6J,A,0,89.9,3.6
6,110001760,110001763,rs30852320,6304759151880371464,I/LnJ:I/LnJ,A,0,89.9,3.6
6,110001760,110001763,rs30852320,4415282279763547520,DBA/1J:DBA/1J,A,0,89.9,3.6
6,110001760,110001763,rs30852320,8177044273458621995,ZALENDE/EiJ:ZALENDE/EiJ,A,0,89.9,3.6
6,110001760,110001763,rs30852320,8074585201083932779,C3H/HeH:C3H/HeH,A,0,89.9,3.6
6,110001760,110001763,rs30852320,3839281026136148515,C57BL/6NJ:C57BL/6NJ,A,0,89.9,3.6
6,110001760,110001763,rs30852320,5239076565946315926,C57BR/cdJ:C57BR/cdJ,A,0,89.9,3.6
6,110001760,110001763,rs30852320,7937957394800611869,C57BL/10J:C57BL/10J,A,0,89.9,3.6
6,110001760,110001763,rs30852320,4387230412008939904,RF/J:RF/J,A,0,89.9,3.6
6,110001760,110001763,rs30852320,7681566451879352201,C57L/J:C57L/J,A,0,89.9,3.6
6,110001760,110001763,rs30852320,8511966040537084826,SEA/GnJ:SEA/GnJ,A,0,89.9,3.6
6,110001760,110001763,rs30852320,3607579610645510828,LEWES/EiJ:LEWES/EiJ,A,0,89.9,3.6
6,110001760,110001763,rs30852320,6958038404446949245,NZO/HlLtJ:NZO/HlLtJ,A,0,89.9,3.6
6,110001760,110001763,rs30852320,5259399829242804489,BTBR T+ Itpr3tf/J:BTBR T+ Itpr3tf/J,A,0,89.9,3.6
6,110001760,110001763,rs30852320,1264315897262221509,LP/J:LP/J,A,0,89.9,3.6
6,110001760,110001763,rs30852320,814856115666740427,NZB/BlNJ:NZB/BlNJ,A,0,89.9,3.6
6,110001760,110001763,rs30852320,5338412136937489536,CAST/EiJ:CAST/EiJ,A,0,89.9,3.6
6,110001760,110001763,rs30852320,2806925360088926694,BUB/BnJ:BUB/BnJ,A,0,89.9,3.6
6,110000725,110000728,rs30853427,5282574083772115650,ST/bJ:ST/bJ,A,0,89.9,3.6
6,110000725,110000728,rs30853427,3605030659903441081,DBA/2J:DBA/2J,A,0,89.9,3.6
6,110000725,110000728,rs30853427,1687672774222285263,NOD/ShiLtJ:NOD/ShiLtJ,A,0,89.9,3.6
6,110000725,110000728,rs30853427,3552011983362060780,PWK/PhJ:PWK/PhJ,A,0,89.9,3.6
6,110000725,110000728,rs30853427,5605071338391218667,KK/HlJ:KK/HlJ,A,0,89.9,3.6
6,110000725,110000728,rs30853427,7219807892566518033,MOLF/EiJ:MOLF/EiJ,A,0,89.9,3.6
6,110000875,110000878,rs31371153,4411365685096160973,BALB/cJ:BALB/cJ,A,0,89.9,3.6
6,110000875,110000878,rs31371153,4415282279763547520,DBA/1J:DBA/1J,A,0,89.9,3.6
6,110000875,110000878,rs31371153,4209403369874301701,SPRET/EiJ:SPRET/EiJ,A,0,89.9,3.6
6,110000875,110000878,rs31371153,1891018359168858864,CBA/J:CBA/J,A,0,89.9,3.6
6,110000875,110000878,rs31371153,5259399829242804489,BTBR T+ Itpr3tf/J:BTBR T+ Itpr3tf/J,A,0,89.9,3.6
6,110000875,110000878,rs31371153,3839281026136148515,C57BL/6NJ:C57BL/6NJ,A,0,89.9,3.6
6,110000875,110000878,rs31371153,7937957394800611869,C57BL/10J:C57BL/10J,A,0,89.9,3.6
6,110000875,110000878,rs31371153,6564127436991157087,C58/J:C58/J,A,0,89.9,3.6
6,110000875,110000878,rs31371153,814856115666740427,NZB/BlNJ:NZB/BlNJ,A,0,89.9,3.6
6,110000875,110000878,rs31371153,4387230412008939904,RF/J:RF/J,A,0,89.9,3.6
6,110000875,110000878,rs31371153,2960012663662558255,A/J:A/J,A,0,89.9,3.6
6,110000875,110000878,rs31371153,4073478720495861953,WSB/EiJ:WSB/EiJ,A,0,89.9,3.6
6,110000875,110000878,rs31371153,3842237188118967798,PWD/PhJ:PWD/PhJ,A,0,89.9,3.6
6,110000875,110000878,rs31371153,5979713106261386838,129S5SvEvBrd:129S5SvEvBrd,A,0,89.9,3.6
6,110000875,110000878,rs31371153,5769137029261498615,FVB/NJ:FVB/NJ,A,0,89.9,3.6
6,110000875,110000878,rs31371153,5245350778736364583,129P2/OlaHsd:129P2/OlaHsd,A,0,89.9,3.6
6,110000875,110000878,rs31371153,5338412136937489536,CAST/EiJ:CAST/EiJ,A,0,89.9,3.6
6,110000875,110000878,rs31371153,6046422665330736415,C3H/HeJ:C3H/HeJ,A,0,89.9,3.6
6,110000875,110000878,rs31371153,3607579610645510828,LEWES/EiJ:LEWES/EiJ,A,0,89.9,3.6
6,110000875,110000878,rs31371153,6958038404446949245,NZO/HlLtJ:NZO/HlLtJ,A,0,89.9,3.6
6,110000875,110000878,rs31371153,8511966040537084826,SEA/GnJ:SEA/GnJ,A,0,89.9,3.6
6,110000875,110000878,rs31371153,2806925360088926694,BUB/BnJ:BUB/BnJ,A,0,89.9,3.6
6,110000875,110000878,rs31371153,7574261426165932057,BALB/cByJ:BALB/cByJ,A,0,89.9,3.6
6,110000875,110000878,rs31371153,8177044273458621995,ZALENDE/EiJ:ZALENDE/EiJ,A,0,89.9,3.6
6,110000875,110000878,rs31371153,6304759151880371464,I/LnJ:I/LnJ,A,0,89.9,3.6
6,110000875,110000878,rs31371153,1264315897262221509,LP/J:LP/J,A,0,89.9,3.6
6,110000875,110000878,rs31371153,2349061200250038172,AKR/J:AKR/J,A,0,89.9,3.6
6,110000875,110000878,rs31371153,6681177378357323286,C57BL/6J:C57BL/6J,A,0,89.9,3.6
6,110000875,110000878,rs31371153,7681566451879352201,C57L/J:C57L/J,A,0,89.9,3.6
6,110000875,110000878,rs31371153,8074585201083932779,C3H/HeH:C3H/HeH,A,0,89.9,3.6
6,110000875,110000878,rs31371153,7944348991773846878,NZW/LacJ:NZW/LacJ,A,0,89.9,3.6
6,110000875,110000878,rs31371153,5239076565946315926,C57BR/cdJ:C57BR/cdJ,A,0,89.9,3.6
6,110000875,110000878,rs31371153,3552011983362060780,PWK/PhJ:PWK/PhJ,A,0,89.9,3.6
6,110000875,110000878,rs31371153,2730850007323893965,129S1/SvImJ:129S1/SvImJ,A,0,89.9,3.6
6,110001175,110001178,rs31371975,7681566451879352201,C57L/J:C57L/J,A,0,90.6,3.6
6,110001175,110001178,rs31371975,5239076565946315926,C57BR/cdJ:C57BR/cdJ,A,0,90.6,3.6
6,110001175,110001178,rs31371975,3842237188118967798,PWD/PhJ:PWD/PhJ,A,0,90.6,3.6
6,110001175,110001178,rs31371975,6304759151880371464,I/LnJ:I/LnJ,A,0,90.6,3.6
6,110001175,110001178,rs31371975,3839281026136148515,C57BL/6NJ:C57BL/6NJ,A,0,90.6,3.6
6,110001175,110001178,rs31371975,6564127436991157087,C58/J:C58/J,A,0,90.6,3.6
6,110001175,110001178,rs31371975,2349061200250038172,AKR/J:AKR/J,A,0,90.6,3.6
6,110001175,110001178,rs31371975,6046422665330736415,C3H/HeJ:C3H/HeJ,A,0,90.6,3.6
6,110001175,110001178,rs31371975,3552011983362060780,PWK/PhJ:PWK/PhJ,A,0,90.6,3.6
6,110001175,110001178,rs31371975,3605030659903441081,DBA/2J:DBA/2J,A,0,90.6,3.6
6,110001175,110001178,rs31371975,7937957394800611869,C57BL/10J:C57BL/10J,A,0,90.6,3.6
6,110001175,110001178,rs31371975,8177044273458621995,ZALENDE/EiJ:ZALENDE/EiJ,A,0,90.6,3.6
6,110001175,110001178,rs31371975,1687672774222285263,NOD/ShiLtJ:NOD/ShiLtJ,A,0,90.6,3.6
6,110001175,110001178,rs31371975,1891018359168858864,CBA/J:CBA/J,A,0,90.6,3.6
6,110001175,110001178,rs31371975,6681177378357323286,C57BL/6J:C57BL/6J,A,0,90.6,3.6
6,110001175,110001178,rs31371975,5605071338391218667,KK/HlJ:KK/HlJ,A,0,90.6,3.6
6,110001175,110001178,rs31371975,5282574083772115650,ST/bJ:ST/bJ,A,0,90.6,3.6
6,110001175,110001178,rs31371975,7219807892566518033,MOLF/EiJ:MOLF/EiJ,A,0,90.6,3.6
6,110001175,110001178,rs31371975,5338412136937489536,CAST/EiJ:CAST/EiJ,A,0,90.6,3.6
6,110001175,110001178,rs31371975,4387230412008939904,RF/J:RF/J,A,0,90.6,3.6
6,110001175,110001178,rs31371975,4209403369874301701,SPRET/EiJ:SPRET/EiJ,A,0,90.6,3.6
6,110001175,110001178,rs31371975,8074585201083932779,C3H/HeH:C3H/HeH,A,0,90.6,3.6
6,110002664,110002667,rs31371983,3607579610645510828,LEWES/EiJ:LEWES/EiJ,A,0,89.9,3.6
6,110002664,110002667,rs31371983,4073478720495861953,WSB/EiJ:WSB/EiJ,A,0,89.9,3.6
6,110002822,110002825,rs47970494,4411365685096160973,BALB/cJ:BALB/cJ,A,0,89.9,3.6
6,110002822,110002825,rs47970494,7944348991773846878,NZW/LacJ:NZW/LacJ,A,0,89.9,3.6
6,110002822,110002825,rs47970494,2960012663662558255,A/J:A/J,A,0,89.9,3.6
6,110002822,110002825,rs47970494,6681177378357323286,C57BL/6J:C57BL/6J,A,0,89.9,3.6
6,110002822,110002825,rs47970494,8177044273458621995,ZALENDE/EiJ:ZALENDE/EiJ,A,0,89.9,3.6
6,110002822,110002825,rs47970494,4415282279763547520,DBA/1J:DBA/1J,A,0,89.9,3.6
6,110002822,110002825,rs47970494,8074585201083932779,C3H/HeH:C3H/HeH,A,0,89.9,3.6
6,110002822,110002825,rs47970494,5769137029261498615,FVB/NJ:FVB/NJ,A,0,89.9,3.6
6,110002822,110002825,rs47970494,2730850007323893965,129S1/SvImJ:129S1/SvImJ,A,0,89.9,3.6
6,110002822,110002825,rs47970494,6958038404446949245,NZO/HlLtJ:NZO/HlLtJ,A,0,89.9,3.6
6,110002822,110002825,rs47970494,1891018359168858864,CBA/J:CBA/J,A,0,89.9,3.6
6,110002822,110002825,rs47970494,5259399829242804489,BTBR T+ Itpr3tf/J:BTBR T+ Itpr3tf/J,A,0,89.9,3.6
6,110002822,110002825,rs47970494,4387230412008939904,RF/J:RF/J,A,0,89.9,3.6
6,110002822,110002825,rs47970494,7937957394800611869,C57BL/10J:C57BL/10J,A,0,89.9,3.6
6,110002822,110002825,rs47970494,1264315897262221509,LP/J:LP/J,A,0,89.9,3.6
6,110002822,110002825,rs47970494,6046422665330736415,C3H/HeJ:C3H/HeJ,A,0,89.9,3.6
6,110002822,110002825,rs47970494,5245350778736364583,129P2/OlaHsd:129P2/OlaHsd,A,0,89.9,3.6
6,110002822,110002825,rs47970494,6304759151880371464,I/LnJ:I/LnJ,A,0,89.9,3.6
6,110002822,110002825,rs47970494,2806925360088926694,BUB/BnJ:BUB/BnJ,A,0,89.9,3.6
6,110002822,110002825,rs47970494,3839281026136148515,C57BL/6NJ:C57BL/6NJ,A,0,89.9,3.6
6,110002822,110002825,rs47970494,4073478720495861953,WSB/EiJ:WSB/EiJ,A,0,89.9,3.6
6,110002822,110002825,rs47970494,8511966040537084826,SEA/GnJ:SEA/GnJ,A,0,89.9,3.6
6,110002822,110002825,rs47970494,814856115666740427,NZB/BlNJ:NZB/BlNJ,A,0,89.9,3.6
6,110002822,110002825,rs47970494,3607579610645510828,LEWES/EiJ:LEWES/EiJ,A,0,89.9,3.6
6,110002822,110002825,rs47970494,7681566451879352201,C57L/J:C57L/J,A,0,89.9,3.6
6,110002822,110002825,rs47970494,5239076565946315926,C57BR/cdJ:C57BR/cdJ,A,0,89.9,3.6
6,110002822,110002825,rs47970494,6564127436991157087,C58/J:C58/J,A,0,89.9,3.6
6,110002822,110002825,rs47970494,5979713106261386838,129S5SvEvBrd:129S5SvEvBrd,A,0,89.9,3.6
6,110002822,110002825,rs47970494,2349061200250038172,AKR/J:AKR/J,A,0,89.9,3.6
6,110001804,110001807,rs212899670,4415282279763547520,DBA/1J:DBA/1J,A,0,89.9,3.6
6,110001804,110001807,rs212899670,6681177378357323286,C57BL/6J:C57BL/6J,A,0,89.9,3.6
6,110001804,110001807,rs212899670,2730850007323893965,129S1/SvImJ:129S1/SvImJ,A,0,89.9,3.6
6,110001804,110001807,rs212899670,5605071338391218667,KK/HlJ:KK/HlJ,A,0,89.9,3.6
6,110001804,110001807,rs212899670,3607579610645510828,LEWES/EiJ:LEWES/EiJ,A,0,89.9,3.6
6,110001804,110001807,rs212899670,1891018359168858864,CBA/J:CBA/J,A,0,89.9,3.6
6,110001804,110001807,rs212899670,7944348991773846878,NZW/LacJ:NZW/LacJ,A,0,89.9,3.6
6,110001804,110001807,rs212899670,7681566451879352201,C57L/J:C57L/J,A,0,89.9,3.6
6,110001804,110001807,rs212899670,814856115666740427,NZB/BlNJ:NZB/BlNJ,A,0,89.9,3.6
6,110001804,110001807,rs212899670,7937957394800611869,C57BL/10J:C57BL/10J,A,0,89.9,3.6
6,110001804,110001807,rs212899670,6046422665330736415,C3H/HeJ:C3H/HeJ,A,0,89.9,3.6
6,110001804,110001807,rs212899670,5259399829242804489,BTBR T+ Itpr3tf/J:BTBR T+ Itpr3tf/J,A,0,89.9,3.6
6,110001804,110001807,rs212899670,4411365685096160973,BALB/cJ:BALB/cJ,A,0,89.9,3.6
6,110001804,110001807,rs212899670,4209403369874301701,SPRET/EiJ:SPRET/EiJ,A,0,89.9,3.6
6,110001804,110001807,rs212899670,7219807892566518033,MOLF/EiJ:MOLF/EiJ,A,0,89.9,3.6
6,110001804,110001807,rs212899670,6564127436991157087,C58/J:C58/J,A,0,89.9,3.6
6,110001804,110001807,rs212899670,2806925360088926694,BUB/BnJ:BUB/BnJ,A,0,89.9,3.6
6,110001804,110001807,rs212899670,8177044273458621995,ZALENDE/EiJ:ZALENDE/EiJ,A,0,89.9,3.6
6,110001804,110001807,rs212899670,8511966040537084826,SEA/GnJ:SEA/GnJ,A,0,89.9,3.6
6,110001804,110001807,rs212899670,3552011983362060780,PWK/PhJ:PWK/PhJ,A,0,89.9,3.6
6,110001804,110001807,rs212899670,1687672774222285263,NOD/ShiLtJ:NOD/ShiLtJ,A,0,89.9,3.6
6,110001804,110001807,rs212899670,1264315897262221509,LP/J:LP/J,A,0,89.9,3.6
6,110001804,110001807,rs212899670,2349061200250038172,AKR/J:AKR/J,A,0,89.9,3.6
6,110001804,110001807,rs212899670,4073478720495861953,WSB/EiJ:WSB/EiJ,A,0,89.9,3.6
6,110001804,110001807,rs212899670,3605030659903441081,DBA/2J:DBA/2J,A,0,89.9,3.6
6,110001804,110001807,rs212899670,5239076565946315926,C57BR/cdJ:C57BR/cdJ,A,0,89.9,3.6
6,110001804,110001807,rs212899670,8074585201083932779,C3H/HeH:C3H/HeH,A,0,89.9,3.6
6,110001804,110001807,rs212899670,6958038404446949245,NZO/HlLtJ:NZO/HlLtJ,A,0,89.9,3.6
6,110001804,110001807,rs212899670,5979713106261386838,129S5SvEvBrd:129S5SvEvBrd,A,0,89.9,3.6
6,110001804,110001807,rs212899670,5769137029261498615,FVB/NJ:FVB/NJ,A,0,89.9,3.6
6,110001804,110001807,rs212899670,5245350778736364583,129P2/OlaHsd:129P2/OlaHsd,A,0,89.9,3.6
6,110001804,110001807,rs212899670,2960012663662558255,A/J:A/J,A,0,89.9,3.6
6,110001804,110001807,rs212899670,5282574083772115650,ST/bJ:ST/bJ,A,0,89.9,3.6
6,110001804,110001807,rs212899670,6304759151880371464,I/LnJ:I/LnJ,A,0,89.9,3.6
6,110001804,110001807,rs212899670,3839281026136148515,C57BL/6NJ:C57BL/6NJ,A,0,89.9,3.6
6,110001804,110001807,rs212899670,4387230412008939904,RF/J:RF/J,A,0,89.9,3.6
6,110002352,110002355,rs29876568,7937957394800611869,C57BL/10J:C57BL/10J,C,0,89.9,3.6
6,110002352,110002355,rs29876568,4209403369874301701,SPRET/EiJ:SPRET/EiJ,C,0,89.9,3.6
6,110002352,110002355,rs29876568,8074585201083932779,C3H/HeH:C3H/HeH,C,0,89.9,3.6
6,110002352,110002355,rs29876568,7944348991773846878,NZW/LacJ:NZW/LacJ,C,0,89.9,3.6
6,110002352,110002355,rs29876568,4415282279763547520,DBA/1J:DBA/1J,C,0,89.9,3.6
6,110002352,110002355,rs29876568,8511966040537084826,SEA/GnJ:SEA/GnJ,C,0,89.9,3.6
6,110002352,110002355,rs29876568,5338412136937489536,CAST/EiJ:CAST/EiJ,C,0,89.9,3.6
6,110002352,110002355,rs29876568,8177044273458621995,ZALENDE/EiJ:ZALENDE/EiJ,C,0,89.9,3.6
6,110002352,110002355,rs29876568,2806925360088926694,BUB/BnJ:BUB/BnJ,C,0,89.9,3.6
6,110002352,110002355,rs29876568,6304759151880371464,I/LnJ:I/LnJ,C,0,89.9,3.6
6,110002352,110002355,rs29876568,6681177378357323286,C57BL/6J:C57BL/6J,C,0,89.9,3.6
6,110002352,110002355,rs29876568,6564127436991157087,C58/J:C58/J,C,0,89.9,3.6
6,110002352,110002355,rs29876568,3607579610645510828,LEWES/EiJ:LEWES/EiJ,C,0,89.9,3.6
6,110002352,110002355,rs29876568,4411365685096160973,BALB/cJ:BALB/cJ,C,0,89.9,3.6
6,110002352,110002355,rs29876568,4073478720495861953,WSB/EiJ:WSB/EiJ,C,0,89.9,3.6
6,110002352,110002355,rs29876568,1264315897262221509,LP/J:LP/J,C,0,89.9,3.6
6,110002352,110002355,rs29876568,1891018359168858864,CBA/J:CBA/J,C,0,89.9,3.6
6,110002352,110002355,rs29876568,5259399829242804489,BTBR T+ Itpr3tf/J:BTBR T+ Itpr3tf/J,C,0,89.9,3.6
6,110002352,110002355,rs29876568,4387230412008939904,RF/J:RF/J,C,0,89.9,3.6
6,110002352,110002355,rs29876568,5769137029261498615,FVB/NJ:FVB/NJ,C,0,89.9,3.6
6,110002352,110002355,rs29876568,2349061200250038172,AKR/J:AKR/J,C,0,89.9,3.6
6,110002352,110002355,rs29876568,2730850007323893965,129S1/SvImJ:129S1/SvImJ,C,0,89.9,3.6
6,110002352,110002355,rs29876568,5245350778736364583,129P2/OlaHsd:129P2/OlaHsd,C,0,89.9,3.6
6,110002352,110002355,rs29876568,6046422665330736415,C3H/HeJ:C3H/HeJ,C,0,89.9,3.6
6,110002352,110002355,rs29876568,5979713106261386838,129S5SvEvBrd:129S5SvEvBrd,C,0,89.9,3.6
6,110002352,110002355,rs29876568,5239076565946315926,C57BR/cdJ:C57BR/cdJ,C,0,89.9,3.6
6,110002352,110002355,rs29876568,6958038404446949245,NZO/HlLtJ:NZO/HlLtJ,C,0,89.9,3.6
6,110002352,110002355,rs29876568,2960012663662558255,A/J:A/J,C,0,89.9,3.6
6,110002352,110002355,rs29876568,7681566451879352201,C57L/J:C57L/J,C,0,89.9,3.6
6,110002352,110002355,rs29876568,3839281026136148515,C57BL/6NJ:C57BL/6NJ,C,0,89.9,3.6
6,110002352,110002355,rs29876568,814856115666740427,NZB/BlNJ:NZB/BlNJ,C,0,89.9,3.6
6,110001686,110001689,rs30256298,5605071338391218667,KK/HlJ:KK/HlJ,C,0,89.9,3.6
6,110001686,110001689,rs30256298,4415282279763547520,DBA/1J:DBA/1J,C,0,89.9,3.6
6,110001686,110001689,rs30256298,6958038404446949245,NZO/HlLtJ:NZO/HlLtJ,C,0,89.9,3.6
6,110001686,110001689,rs30256298,7574261426165932057,BALB/cByJ:BALB/cByJ,C,0,89.9,3.6
6,110001686,110001689,rs30256298,8177044273458621995,ZALENDE/EiJ:ZALENDE/EiJ,C,0,89.9,3.6
6,110001686,110001689,rs30256298,2960012663662558255,A/J:A/J,C,0,89.9,3.6
6,110001686,110001689,rs30256298,814856115666740427,NZB/BlNJ:NZB/BlNJ,C,0,89.9,3.6
6,110001686,110001689,rs30256298,4411365685096160973,BALB/cJ:BALB/cJ,C,0,89.9,3.6
6,110001686,110001689,rs30256298,4073478720495861953,WSB/EiJ:WSB/EiJ,C,0,89.9,3.6
6,110001686,110001689,rs30256298,5245350778736364583,129P2/OlaHsd:129P2/OlaHsd,C,0,89.9,3.6
6,110001686,110001689,rs30256298,3607579610645510828,LEWES/EiJ:LEWES/EiJ,C,0,89.9,3.6
6,110001686,110001689,rs30256298,3552011983362060780,PWK/PhJ:PWK/PhJ,C,0,89.9,3.6
6,110001686,110001689,rs30256298,3605030659903441081,DBA/2J:DBA/2J,C,0,89.9,3.6
6,110001686,110001689,rs30256298,7219807892566518033,MOLF/EiJ:MOLF/EiJ,C,0,89.9,3.6
6,110001686,110001689,rs30256298,5259399829242804489,BTBR T+ Itpr3tf/J:BTBR T+ Itpr3tf/J,C,0,89.9,3.6
6,110001686,110001689,rs30256298,5282574083772115650,ST/bJ:ST/bJ,C,0,89.9,3.6
6,110001686,110001689,rs30256298,1264315897262221509,LP/J:LP/J,C,0,89.9,3.6
6,110001686,110001689,rs30256298,8511966040537084826,SEA/GnJ:SEA/GnJ,C,0,89.9,3.6
6,110001686,110001689,rs30256298,7944348991773846878,NZW/LacJ:NZW/LacJ,C,0,89.9,3.6
6,110001686,110001689,rs30256298,2730850007323893965,129S1/SvImJ:129S1/SvImJ,C,0,89.9,3.6
6,110001686,110001689,rs30256298,4209403369874301701,SPRET/EiJ:SPRET/EiJ,C,0,89.9,3.6
6,110001686,110001689,rs30256298,5338412136937489536,CAST/EiJ:CAST/EiJ,C,0,89.9,3.6
6,110001686,110001689,rs30256298,1687672774222285263,NOD/ShiLtJ:NOD/ShiLtJ,C,0,89.9,3.6
6,110001686,110001689,rs30256298,5769137029261498615,FVB/NJ:FVB/NJ,C,0,89.9,3.6
6,110001939,110001942,rs30759695,6046422665330736415,C3H/HeJ:C3H/HeJ,C,0,89.9,3.6
6,110001939,110001942,rs30759695,2806925360088926694,BUB/BnJ:BUB/BnJ,C,0,89.9,3.6
6,110001939,110001942,rs30759695,6564127436991157087,C58/J:C58/J,C,0,89.9,3.6
6,110001939,110001942,rs30759695,7681566451879352201,C57L/J:C57L/J,C,0,89.9,3.6
6,110001939,110001942,rs30759695,2349061200250038172,AKR/J:AKR/J,C,0,89.9,3.6
6,110001939,110001942,rs30759695,3552011983362060780,PWK/PhJ:PWK/PhJ,C,0,89.9,3.6
6,110001939,110001942,rs30759695,7219807892566518033,MOLF/EiJ:MOLF/EiJ,C,0,89.9,3.6
6,110001939,110001942,rs30759695,5239076565946315926,C57BR/cdJ:C57BR/cdJ,C,0,89.9,3.6
6,110001939,110001942,rs30759695,1891018359168858864,CBA/J:CBA/J,C,0,89.9,3.6
6,110001939,110001942,rs30759695,1687672774222285263,NOD/ShiLtJ:NOD/ShiLtJ,C,0,89.9,3.6
6,110001939,110001942,rs30759695,6681177378357323286,C57BL/6J:C57BL/6J,C,0,89.9,3.6
6,110001939,110001942,rs30759695,8177044273458621995,ZALENDE/EiJ:ZALENDE/EiJ,C,0,89.9,3.6
6,110001939,110001942,rs30759695,5605071338391218667,KK/HlJ:KK/HlJ,C,0,89.9,3.6
6,110001939,110001942,rs30759695,6304759151880371464,I/LnJ:I/LnJ,C,0,89.9,3.6
6,110001939,110001942,rs30759695,4387230412008939904,RF/J:RF/J,C,0,89.9,3.6
6,110001939,110001942,rs30759695,3839281026136148515,C57BL/6NJ:C57BL/6NJ,C,0,89.9,3.6
6,110001939,110001942,rs30759695,7937957394800611869,C57BL/10J:C57BL/10J,C,0,89.9,3.6
6,110001939,110001942,rs30759695,4209403369874301701,SPRET/EiJ:SPRET/EiJ,C,0,89.9,3.6
6,110001939,110001942,rs30759695,5282574083772115650,ST/bJ:ST/bJ,C,0,89.9,3.6
6,110001939,110001942,rs30759695,8074585201083932779,C3H/HeH:C3H/HeH,C,0,89.9,3.6
6,110001939,110001942,rs30759695,5338412136937489536,CAST/EiJ:CAST/EiJ,C,0,89.9,3.6
6,110001939,110001942,rs30759695,3605030659903441081,DBA/2J:DBA/2J,C,0,89.9,3.6
6,110001760,110001763,rs30852320,3842237188118967798,PWD/PhJ:PWD/PhJ,C,0,89.9,3.6
6,110001760,110001763,rs30852320,3605030659903441081,DBA/2J:DBA/2J,C,0,89.9,3.6
6,110001760,110001763,rs30852320,1687672774222285263,NOD/ShiLtJ:NOD/ShiLtJ,C,0,89.9,3.6
6,110001760,110001763,rs30852320,3552011983362060780,PWK/PhJ:PWK/PhJ,C,0,89.9,3.6
6,110001760,110001763,rs30852320,5282574083772115650,ST/bJ:ST/bJ,C,0,89.9,3.6
6,110001760,110001763,rs30852320,7219807892566518033,MOLF/EiJ:MOLF/EiJ,C,0,89.9,3.6
6,110001760,110001763,rs30852320,5605071338391218667,KK/HlJ:KK/HlJ,C,0,89.9,3.6
6,110001461,110001464,rs31371977,3552011983362060780,PWK/PhJ:PWK/PhJ,C,0,89.9,3.6
6,110001461,110001464,rs31371977,4209403369874301701,SPRET/EiJ:SPRET/EiJ,C,0,89.9,3.6
6,110001461,110001464,rs31371977,5282574083772115650,ST/bJ:ST/bJ,C,0,89.9,3.6
6,110001461,110001464,rs31371977,3842237188118967798,PWD/PhJ:PWD/PhJ,C,0,89.9,3.6
6,110001461,110001464,rs31371977,7219807892566518033,MOLF/EiJ:MOLF/EiJ,C,0,89.9,3.6
6,110001461,110001464,rs31371977,1687672774222285263,NOD/ShiLtJ:NOD/ShiLtJ,C,0,89.9,3.6
6,110001461,110001464,rs31371977,5605071338391218667,KK/HlJ:KK/HlJ,C,0,89.9,3.6
6,110001461,110001464,rs31371977,3605030659903441081,DBA/2J:DBA/2J,C,0,89.9,3.6
6,110001461,110001464,rs31371977,5338412136937489536,CAST/EiJ:CAST/EiJ,C,0,89.9,3.6
6,110001461,110001464,rs31371977,8177044273458621995,ZALENDE/EiJ:ZALENDE/EiJ,C,0,89.9,3.6
6,110002640,110002643,rs29877327,5282574083772115650,ST/bJ:ST/bJ,G,0,89.8,3.6
6,110002640,110002643,rs29877327,4209403369874301701,SPRET/EiJ:SPRET/EiJ,G,0,89.8,3.6
6,110002640,110002643,rs29877327,5338412136937489536,CAST/EiJ:CAST/EiJ,G,0,89.8,3.6
6,110002640,110002643,rs29877327,1687672774222285263,NOD/ShiLtJ:NOD/ShiLtJ,G,0,89.8,3.6
6,110002640,110002643,rs29877327,3552011983362060780,PWK/PhJ:PWK/PhJ,G,0,89.8,3.6
6,110002640,110002643,rs29877327,3605030659903441081,DBA/2J:DBA/2J,G,0,89.8,3.6
6,110002640,110002643,rs29877327,5605071338391218667,KK/HlJ:KK/HlJ,G,0,89.8,3.6
6,110002640,110002643,rs29877327,7219807892566518033,MOLF/EiJ:MOLF/EiJ,G,0,89.8,3.6
6,110002371,110002374,rs30164871,2960012663662558255,A/J:A/J,G,0,89.9,3.6
6,110002371,110002374,rs30164871,1891018359168858864,CBA/J:CBA/J,G,0,89.9,3.6
6,110002371,110002374,rs30164871,4415282279763547520,DBA/1J:DBA/1J,G,0,89.9,3.6
6,110002371,110002374,rs30164871,8074585201083932779,C3H/HeH:C3H/HeH,G,0,89.9,3.6
6,110002371,110002374,rs30164871,1264315897262221509,LP/J:LP/J,G,0,89.9,3.6
6,110002371,110002374,rs30164871,5769137029261498615,FVB/NJ:FVB/NJ,G,0,89.9,3.6
6,110002371,110002374,rs30164871,2806925360088926694,BUB/BnJ:BUB/BnJ,G,0,89.9,3.6
6,110002371,110002374,rs30164871,6046422665330736415,C3H/HeJ:C3H/HeJ,G,0,89.9,3.6
6,110002371,110002374,rs30164871,5245350778736364583,129P2/OlaHsd:129P2/OlaHsd,G,0,89.9,3.6
6,110002371,110002374,rs30164871,6564127436991157087,C58/J:C58/J,G,0,89.9,3.6
6,110002371,110002374,rs30164871,3607579610645510828,LEWES/EiJ:LEWES/EiJ,G,0,89.9,3.6
6,110002371,110002374,rs30164871,6681177378357323286,C57BL/6J:C57BL/6J,G,0,89.9,3.6
6,110002371,110002374,rs30164871,5979713106261386838,129S5SvEvBrd:129S5SvEvBrd,G,0,89.9,3.6
6,110002371,110002374,rs30164871,2349061200250038172,AKR/J:AKR/J,G,0,89.9,3.6
6,110002371,110002374,rs30164871,8177044273458621995,ZALENDE/EiJ:ZALENDE/EiJ,G,0,89.9,3.6
6,110002371,110002374,rs30164871,4073478720495861953,WSB/EiJ:WSB/EiJ,G,0,89.9,3.6
6,110002371,110002374,rs30164871,814856115666740427,NZB/BlNJ:NZB/BlNJ,G,0,89.9,3.6
6,110002371,110002374,rs30164871,7681566451879352201,C57L/J:C57L/J,G,0,89.9,3.6
6,110002371,110002374,rs30164871,7944348991773846878,NZW/LacJ:NZW/LacJ,G,0,89.9,3.6
6,110002371,110002374,rs30164871,5338412136937489536,CAST/EiJ:CAST/EiJ,G,0,89.9,3.6
6,110002371,110002374,rs30164871,4411365685096160973,BALB/cJ:BALB/cJ,G,0,89.9,3.6
6,110002371,110002374,rs30164871,3839281026136148515,C57BL/6NJ:C57BL/6NJ,G,0,89.9,3.6
6,110002371,110002374,rs30164871,6958038404446949245,NZO/HlLtJ:NZO/HlLtJ,G,0,89.9,3.6
6,110002371,110002374,rs30164871,4387230412008939904,RF/J:RF/J,G,0,89.9,3.6
6,110002371,110002374,rs30164871,8511966040537084826,SEA/GnJ:SEA/GnJ,G,0,89.9,3.6
6,110002371,110002374,rs30164871,5239076565946315926,C57BR/cdJ:C57BR/cdJ,G,0,89.9,3.6
6,110002371,110002374,rs30164871,2730850007323893965,129S1/SvImJ:129S1/SvImJ,G,0,89.9,3.6
6,110002371,110002374,rs30164871,4209403369874301701,SPRET/EiJ:SPRET/EiJ,G,0,89.9,3.6
6,110002371,110002374,rs30164871,5259399829242804489,BTBR T+ Itpr3tf/J:BTBR T+ Itpr3tf/J,G,0,89.9,3.6
6,110002371,110002374,rs30164871,7937957394800611869,C57BL/10J:C57BL/10J,G,0,89.9,3.6
6,110002371,110002374,rs30164871,6304759151880371464,I/LnJ:I/LnJ,G,0,89.9,3.6
6,110001712,110001715,rs30662635,4209403369874301701,SPRET/EiJ:SPRET/EiJ,G,0,89.9,3.6
6,110001712,110001715,rs30662635,5338412136937489536,CAST/EiJ:CAST/EiJ,G,0,89.9,3.6
6,110001712,110001715,rs30662635,8177044273458621995,ZALENDE/EiJ:ZALENDE/EiJ,G,0,89.9,3.6
6,110001712,110001715,rs30662635,1687672774222285263,NOD/ShiLtJ:NOD/ShiLtJ,G,0,89.9,3.6
6,110001712,110001715,rs30662635,5605071338391218667,KK/HlJ:KK/HlJ,G,0,89.9,3.6
6,110001712,110001715,rs30662635,5282574083772115650,ST/bJ:ST/bJ,G,0,89.9,3.6
6,110001712,110001715,rs30662635,3552011983362060780,PWK/PhJ:PWK/PhJ,G,0,89.9,3.6
6,110001712,110001715,rs30662635,7219807892566518033,MOLF/EiJ:MOLF/EiJ,G,0,89.9,3.6
6,110001712,110001715,rs30662635,3605030659903441081,DBA/2J:DBA/2J,G,0,89.9,3.6
6,110001906,110001909,rs30716019,5239076565946315926,C57BR/cdJ:C57BR/cdJ,G,0,89.9,3.6
6,110001906,110001909,rs30716019,4387230412008939904,RF/J:RF/J,G,0,89.9,3.6
6,110001906,110001909,rs30716019,6046422665330736415,C3H/HeJ:C3H/HeJ,G,0,89.9,3.6
6,110001906,110001909,rs30716019,6681177378357323286,C57BL/6J:C57BL/6J,G,0,89.9,3.6
6,110001906,110001909,rs30716019,2806925360088926694,BUB/BnJ:BUB/BnJ,G,0,89.9,3.6
6,110001906,110001909,rs30716019,2349061200250038172,AKR/J:AKR/J,G,0,89.9,3.6
6,110001906,110001909,rs30716019,7937957394800611869,C57BL/10J:C57BL/10J,G,0,89.9,3.6
6,110001906,110001909,rs30716019,6564127436991157087,C58/J:C58/J,G,0,89.9,3.6
6,110001906,110001909,rs30716019,7681566451879352201,C57L/J:C57L/J,G,0,89.9,3.6
6,110001906,110001909,rs30716019,3839281026136148515,C57BL/6NJ:C57BL/6NJ,G,0,89.9,3.6
6,110001906,110001909,rs30716019,6304759151880371464,I/LnJ:I/LnJ,G,0,89.9,3.6
6,110001906,110001909,rs30716019,8074585201083932779,C3H/HeH:C3H/HeH,G,0,89.9,3.6
6,110001906,110001909,rs30716019,1891018359168858864,CBA/J:CBA/J,G,0,89.9,3.6
6,110002400,110002403,rs30801476,5605071338391218667,KK/HlJ:KK/HlJ,G,0,89.9,3.6
6,110002400,110002403,rs30801476,1687672774222285263,NOD/ShiLtJ:NOD/ShiLtJ,G,0,89.9,3.6
6,110002400,110002403,rs30801476,5282574083772115650,ST/bJ:ST/bJ,G,0,89.9,3.6
6,110002400,110002403,rs30801476,3605030659903441081,DBA/2J:DBA/2J,G,0,89.9,3.6
6,110002400,110002403,rs30801476,7219807892566518033,MOLF/EiJ:MOLF/EiJ,G,0,89.9,3.6
6,110000725,110000728,rs30853427,6958038404446949245,NZO/HlLtJ:NZO/HlLtJ,G,0,89.9,3.6
6,110000725,110000728,rs30853427,8511966040537084826,SEA/GnJ:SEA/GnJ,G,0,89.9,3.6
6,110000725,110000728,rs30853427,6681177378357323286,C57BL/6J:C57BL/6J,G,0,89.9,3.6
6,110000725,110000728,rs30853427,6304759151880371464,I/LnJ:I/LnJ,G,0,89.9,3.6
6,110000725,110000728,rs30853427,6564127436991157087,C58/J:C58/J,G,0,89.9,3.6
6,110000725,110000728,rs30853427,814856115666740427,NZB/BlNJ:NZB/BlNJ,G,0,89.9,3.6
6,110000725,110000728,rs30853427,5979713106261386838,129S5SvEvBrd:129S5SvEvBrd,G,0,89.9,3.6
6,110000725,110000728,rs30853427,5245350778736364583,129P2/OlaHsd:129P2/OlaHsd,G,0,89.9,3.6
6,110000725,110000728,rs30853427,4415282279763547520,DBA/1J:DBA/1J,G,0,89.9,3.6
6,110000725,110000728,rs30853427,1891018359168858864,CBA/J:CBA/J,G,0,89.9,3.6
6,110000725,110000728,rs30853427,2960012663662558255,A/J:A/J,G,0,89.9,3.6
6,110000725,110000728,rs30853427,5338412136937489536,CAST/EiJ:CAST/EiJ,G,0,89.9,3.6
6,110000725,110000728,rs30853427,7937957394800611869,C57BL/10J:C57BL/10J,G,0,89.9,3.6
6,110000725,110000728,rs30853427,5239076565946315926,C57BR/cdJ:C57BR/cdJ,G,0,89.9,3.6
6,110000725,110000728,rs30853427,2806925360088926694,BUB/BnJ:BUB/BnJ,G,0,89.9,3.6
6,110000725,110000728,rs30853427,5259399829242804489,BTBR T+ Itpr3tf/J:BTBR T+ Itpr3tf/J,G,0,89.9,3.6
6,110000725,110000728,rs30853427,3607579610645510828,LEWES/EiJ:LEWES/EiJ,G,0,89.9,3.6
6,110000725,110000728,rs30853427,4073478720495861953,WSB/EiJ:WSB/EiJ,G,0,89.9,3.6
6,110000725,110000728,rs30853427,4411365685096160973,BALB/cJ:BALB/cJ,G,0,89.9,3.6
6,110000725,110000728,rs30853427,4209403369874301701,SPRET/EiJ:SPRET/EiJ,G,0,89.9,3.6
6,110000725,110000728,rs30853427,6046422665330736415,C3H/HeJ:C3H/HeJ,G,0,89.9,3.6
6,110000725,110000728,rs30853427,7944348991773846878,NZW/LacJ:NZW/LacJ,G,0,89.9,3.6
6,110000725,110000728,rs30853427,3839281026136148515,C57BL/6NJ:C57BL/6NJ,G,0,89.9,3.6
6,110000725,110000728,rs30853427,8074585201083932779,C3H/HeH:C3H/HeH,G,0,89.9,3.6
6,110000725,110000728,rs30853427,7681566451879352201,C57L/J:C57L/J,G,0,89.9,3.6
6,110000725,110000728,rs30853427,2730850007323893965,129S1/SvImJ:129S1/SvImJ,G,0,89.9,3.6
6,110000725,110000728,rs30853427,5769137029261498615,FVB/NJ:FVB/NJ,G,0,89.9,3.6
6,110000725,110000728,rs30853427,1264315897262221509,LP/J:LP/J,G,0,89.9,3.6
6,110000725,110000728,rs30853427,8177044273458621995,ZALENDE/EiJ:ZALENDE/EiJ,G,0,89.9,3.6
6,110000725,110000728,rs30853427,2349061200250038172,AKR/J:AKR/J,G,0,89.9,3.6
6,110000725,110000728,rs30853427,4387230412008939904,RF/J:RF/J,G,0,89.9,3.6
6,110002664,110002667,rs31371983,3839281026136148515,C57BL/6NJ:C57BL/6NJ,G,0,89.9,3.6
6,110002664,110002667,rs31371983,5282574083772115650,ST/bJ:ST/bJ,G,0,89.9,3.6
6,110002664,110002667,rs31371983,8511966040537084826,SEA/GnJ:SEA/GnJ,G,0,89.9,3.6
6,110002664,110002667,rs31371983,3552011983362060780,PWK/PhJ:PWK/PhJ,G,0,89.9,3.6
6,110002664,110002667,rs31371983,5605071338391218667,KK/HlJ:KK/HlJ,G,0,89.9,3.6
6,110002664,110002667,rs31371983,6681177378357323286,C57BL/6J:C57BL/6J,G,0,89.9,3.6
6,110002664,110002667,rs31371983,2806925360088926694,BUB/BnJ:BUB/BnJ,G,0,89.9,3.6
6,110002664,110002667,rs31371983,6958038404446949245,NZO/HlLtJ:NZO/HlLtJ,G,0,89.9,3.6
6,110002664,110002667,rs31371983,1687672774222285263,NOD/ShiLtJ:NOD/ShiLtJ,G,0,89.9,3.6
6,110002664,110002667,rs31371983,6304759151880371464,I/LnJ:I/LnJ,G,0,89.9,3.6
6,110002664,110002667,rs31371983,4209403369874301701,SPRET/EiJ:SPRET/EiJ,G,0,89.9,3.6
6,110002664,110002667,rs31371983,814856115666740427,NZB/BlNJ:NZB/BlNJ,G,0,89.9,3.6
6,110002664,110002667,rs31371983,3605030659903441081,DBA/2J:DBA/2J,G,0,89.9,3.6
6,110002664,110002667,rs31371983,5245350778736364583,129P2/OlaHsd:129P2/OlaHsd,G,0,89.9,3.6
6,110002664,110002667,rs31371983,6046422665330736415,C3H/HeJ:C3H/HeJ,G,0,89.9,3.6
6,110002664,110002667,rs31371983,7681566451879352201,C57L/J:C57L/J,G,0,89.9,3.6
6,110002664,110002667,rs31371983,7219807892566518033,MOLF/EiJ:MOLF/EiJ,G,0,89.9,3.6
6,110002664,110002667,rs31371983,5979713106261386838,129S5SvEvBrd:129S5SvEvBrd,G,0,89.9,3.6
6,110002664,110002667,rs31371983,7937957394800611869,C57BL/10J:C57BL/10J,G,0,89.9,3.6
6,110002664,110002667,rs31371983,2730850007323893965,129S1/SvImJ:129S1/SvImJ,G,0,89.9,3.6
6,110002664,110002667,rs31371983,2349061200250038172,AKR/J:AKR/J,G,0,89.9,3.6
6,110002664,110002667,rs31371983,5338412136937489536,CAST/EiJ:CAST/EiJ,G,0,89.9,3.6
6,110002664,110002667,rs31371983,4387230412008939904,RF/J:RF/J,G,0,89.9,3.6
6,110002664,110002667,rs31371983,7574261426165932057,BALB/cByJ:BALB/cByJ,G,0,89.9,3.6
6,110002664,110002667,rs31371983,8074585201083932779,C3H/HeH:C3H/HeH,G,0,89.9,3.6
6,110002664,110002667,rs31371983,5239076565946315926,C57BR/cdJ:C57BR/cdJ,G,0,89.9,3.6
6,110002664,110002667,rs31371983,1264315897262221509,LP/J:LP/J,G,0,89.9,3.6
6,110002664,110002667,rs31371983,4415282279763547520,DBA/1J:DBA/1J,G,0,89.9,3.6
6,110002664,110002667,rs31371983,7944348991773846878,NZW/LacJ:NZW/LacJ,G,0,89.9,3.6
6,110002664,110002667,rs31371983,2960012663662558255,A/J:A/J,G,0,89.9,3.6
6,110002664,110002667,rs31371983,4411365685096160973,BALB/cJ:BALB/cJ,G,0,89.9,3.6
6,110002664,110002667,rs31371983,1891018359168858864,CBA/J:CBA/J,G,0,89.9,3.6
6,110002664,110002667,rs31371983,6564127436991157087,C58/J:C58/J,G,0,89.9,3.6
6,110002664,110002667,rs31371983,8177044273458621995,ZALENDE/EiJ:ZALENDE/EiJ,G,0,89.9,3.6
6,110002664,110002667,rs31371983,5259399829242804489,BTBR T+ Itpr3tf/J:BTBR T+ Itpr3tf/J,G,0,89.9,3.6
6,110002664,110002667,rs31371983,5769137029261498615,FVB/NJ:FVB/NJ,G,0,89.9,3.6
6,110001804,110001807,rs212899670,5338412136937489536,CAST/EiJ:CAST/EiJ,G,0,89.9,3.6
6,110002193,110002196,rs212987900,4209403369874301701,SPRET/EiJ:SPRET/EiJ,G,0,89.9,3.6
6,110002354,110002357,rs214047193,5338412136937489536,CAST/EiJ:CAST/EiJ,G,0,89.9,3.6
6,110002352,110002355,rs29876568,7219807892566518033,MOLF/EiJ:MOLF/EiJ,T,0,89.9,3.6
6,110002352,110002355,rs29876568,5282574083772115650,ST/bJ:ST/bJ,T,0,89.9,3.6
6,110002352,110002355,rs29876568,1687672774222285263,NOD/ShiLtJ:NOD/ShiLtJ,T,0,89.9,3.6
6,110002352,110002355,rs29876568,3552011983362060780,PWK/PhJ:PWK/PhJ,T,0,89.9,3.6
6,110002352,110002355,rs29876568,5605071338391218667,KK/HlJ:KK/HlJ,T,0,89.9,3.6
6,110002352,110002355,rs29876568,3605030659903441081,DBA/2J:DBA/2J,T,0,89.9,3.6
6,110001686,110001689,rs30256298,2806925360088926694,BUB/BnJ:BUB/BnJ,T,0,89.9,3.6
6,110001686,110001689,rs30256298,1891018359168858864,CBA/J:CBA/J,T,0,89.9,3.6
6,110001686,110001689,rs30256298,7937957394800611869,C57BL/10J:C57BL/10J,T,0,89.9,3.6
6,110001686,110001689,rs30256298,7681566451879352201,C57L/J:C57L/J,T,0,89.9,3.6
6,110001686,110001689,rs30256298,3839281026136148515,C57BL/6NJ:C57BL/6NJ,T,0,89.9,3.6
6,110001686,110001689,rs30256298,6304759151880371464,I/LnJ:I/LnJ,T,0,89.9,3.6
6,110001686,110001689,rs30256298,4387230412008939904,RF/J:RF/J,T,0,89.9,3.6
6,110001686,110001689,rs30256298,6046422665330736415,C3H/HeJ:C3H/HeJ,T,0,89.9,3.6
6,110001686,110001689,rs30256298,6681177378357323286,C57BL/6J:C57BL/6J,T,0,89.9,3.6
6,110001686,110001689,rs30256298,2349061200250038172,AKR/J:AKR/J,T,0,89.9,3.6
6,110001686,110001689,rs30256298,6564127436991157087,C58/J:C58/J,T,0,89.9,3.6
6,110001686,110001689,rs30256298,8074585201083932779,C3H/HeH:C3H/HeH,T,0,89.9,3.6
6,110001686,110001689,rs30256298,5239076565946315926,C57BR/cdJ:C57BR/cdJ,T,0,89.9,3.6
6,110001712,110001715,rs30662635,2730850007323893965,129S1/SvImJ:129S1/SvImJ,T,0,89.9,3.6
6,110001712,110001715,rs30662635,2806925360088926694,BUB/BnJ:BUB/BnJ,T,0,89.9,3.6
6,110001712,110001715,rs30662635,5769137029261498615,FVB/NJ:FVB/NJ,T,0,89.9,3.6
6,110001712,110001715,rs30662635,5239076565946315926,C57BR/cdJ:C57BR/cdJ,T,0,89.9,3.6
6,110001712,110001715,rs30662635,1264315897262221509,LP/J:LP/J,T,0,89.9,3.6
6,110001712,110001715,rs30662635,6958038404446949245,NZO/HlLtJ:NZO/HlLtJ,T,0,89.9,3.6
6,110001712,110001715,rs30662635,5259399829242804489,BTBR T+ Itpr3tf/J:BTBR T+ Itpr3tf/J,T,0,89.9,3.6
6,110001712,110001715,rs30662635,814856115666740427,NZB/BlNJ:NZB/BlNJ,T,0,89.9,3.6
6,110001712,110001715,rs30662635,4411365685096160973,BALB/cJ:BALB/cJ,T,0,89.9,3.6
6,110001712,110001715,rs30662635,6304759151880371464,I/LnJ:I/LnJ,T,0,89.9,3.6
6,110001712,110001715,rs30662635,3839281026136148515,C57BL/6NJ:C57BL/6NJ,T,0,89.9,3.6
6,110001712,110001715,rs30662635,7681566451879352201,C57L/J:C57L/J,T,0,89.9,3.6
6,110001712,110001715,rs30662635,8074585201083932779,C3H/HeH:C3H/HeH,T,0,89.9,3.6
6,110001712,110001715,rs30662635,5979713106261386838,129S5SvEvBrd:129S5SvEvBrd,T,0,89.9,3.6
6,110001712,110001715,rs30662635,6046422665330736415,C3H/HeJ:C3H/HeJ,T,0,89.9,3.6
6,110001712,110001715,rs30662635,5245350778736364583,129P2/OlaHsd:129P2/OlaHsd,T,0,89.9,3.6
6,110001712,110001715,rs30662635,6681177378357323286,C57BL/6J:C57BL/6J,T,0,89.9,3.6
6,110001712,110001715,rs30662635,6564127436991157087,C58/J:C58/J,T,0,89.9,3.6
6,110001712,110001715,rs30662635,7937957394800611869,C57BL/10J:C57BL/10J,T,0,89.9,3.6
6,110001712,110001715,rs30662635,3607579610645510828,LEWES/EiJ:LEWES/EiJ,T,0,89.9,3.6
6,110001712,110001715,rs30662635,2960012663662558255,A/J:A/J,T,0,89.9,3.6
6,110001712,110001715,rs30662635,2349061200250038172,AKR/J:AKR/J,T,0,89.9,3.6
6,110001712,110001715,rs30662635,4073478720495861953,WSB/EiJ:WSB/EiJ,T,0,89.9,3.6
6,110001712,110001715,rs30662635,7944348991773846878,NZW/LacJ:NZW/LacJ,T,0,89.9,3.6
6,110001712,110001715,rs30662635,4415282279763547520,DBA/1J:DBA/1J,T,0,89.9,3.6
6,110001712,110001715,rs30662635,1891018359168858864,CBA/J:CBA/J,T,0,89.9,3.6
6,110001712,110001715,rs30662635,8511966040537084826,SEA/GnJ:SEA/GnJ,T,0,89.9,3.6
6,110001712,110001715,rs30662635,4387230412008939904,RF/J:RF/J,T,0,89.9,3.6
6,110001906,110001909,rs30716019,3552011983362060780,PWK/PhJ:PWK/PhJ,T,0,89.9,3.6
6,110001906,110001909,rs30716019,4411365685096160973,BALB/cJ:BALB/cJ,T,0,89.9,3.6
6,110001906,110001909,rs30716019,3607579610645510828,LEWES/EiJ:LEWES/EiJ,T,0,89.9,3.6
6,110001906,110001909,rs30716019,6958038404446949245,NZO/HlLtJ:NZO/HlLtJ,T,0,89.9,3.6
6,110001906,110001909,rs30716019,8511966040537084826,SEA/GnJ:SEA/GnJ,T,0,89.9,3.6
6,110001906,110001909,rs30716019,1264315897262221509,LP/J:LP/J,T,0,89.9,3.6
6,110001906,110001909,rs30716019,4073478720495861953,WSB/EiJ:WSB/EiJ,T,0,89.9,3.6
6,110001906,110001909,rs30716019,2960012663662558255,A/J:A/J,T,0,89.9,3.6
6,110001906,110001909,rs30716019,2730850007323893965,129S1/SvImJ:129S1/SvImJ,T,0,89.9,3.6
6,110001906,110001909,rs30716019,5979713106261386838,129S5SvEvBrd:129S5SvEvBrd,T,0,89.9,3.6
6,110001906,110001909,rs30716019,5338412136937489536,CAST/EiJ:CAST/EiJ,T,0,89.9,3.6
6,110001906,110001909,rs30716019,1687672774222285263,NOD/ShiLtJ:NOD/ShiLtJ,T,0,89.9,3.6
6,110001906,110001909,rs30716019,7944348991773846878,NZW/LacJ:NZW/LacJ,T,0,89.9,3.6
6,110001906,110001909,rs30716019,5769137029261498615,FVB/NJ:FVB/NJ,T,0,89.9,3.6
6,110001906,110001909,rs30716019,5259399829242804489,BTBR T+ Itpr3tf/J:BTBR T+ Itpr3tf/J,T,0,89.9,3.6
6,110001906,110001909,rs30716019,5282574083772115650,ST/bJ:ST/bJ,T,0,89.9,3.6
6,110001906,110001909,rs30716019,8177044273458621995,ZALENDE/EiJ:ZALENDE/EiJ,T,0,89.9,3.6
6,110001906,110001909,rs30716019,3605030659903441081,DBA/2J:DBA/2J,T,0,89.9,3.6
6,110001906,110001909,rs30716019,814856115666740427,NZB/BlNJ:NZB/BlNJ,T,0,89.9,3.6
6,110001906,110001909,rs30716019,5605071338391218667,KK/HlJ:KK/HlJ,T,0,89.9,3.6
6,110001906,110001909,rs30716019,7219807892566518033,MOLF/EiJ:MOLF/EiJ,T,0,89.9,3.6
6,110001906,110001909,rs30716019,4209403369874301701,SPRET/EiJ:SPRET/EiJ,T,0,89.9,3.6
6,110001906,110001909,rs30716019,5245350778736364583,129P2/OlaHsd:129P2/OlaHsd,T,0,89.9,3.6
6,110001906,110001909,rs30716019,4415282279763547520,DBA/1J:DBA/1J,T,0,89.9,3.6
6,110001939,110001942,rs30759695,4415282279763547520,DBA/1J:DBA/1J,T,0,89.9,3.6
6,110001939,110001942,rs30759695,2960012663662558255,A/J:A/J,T,0,89.9,3.6
6,110001939,110001942,rs30759695,1264315897262221509,LP/J:LP/J,T,0,89.9,3.6
6,110001939,110001942,rs30759695,6958038404446949245,NZO/HlLtJ:NZO/HlLtJ,T,0,89.9,3.6
6,110001939,110001942,rs30759695,8511966040537084826,SEA/GnJ:SEA/GnJ,T,0,89.9,3.6
6,110001939,110001942,rs30759695,4411365685096160973,BALB/cJ:BALB/cJ,T,0,89.9,3.6
6,110001939,110001942,rs30759695,814856115666740427,NZB/BlNJ:NZB/BlNJ,T,0,89.9,3.6
6,110001939,110001942,rs30759695,5979713106261386838,129S5SvEvBrd:129S5SvEvBrd,T,0,89.9,3.6
6,110001939,110001942,rs30759695,5769137029261498615,FVB/NJ:FVB/NJ,T,0,89.9,3.6
6,110001939,110001942,rs30759695,5245350778736364583,129P2/OlaHsd:129P2/OlaHsd,T,0,89.9,3.6
6,110001939,110001942,rs30759695,3607579610645510828,LEWES/EiJ:LEWES/EiJ,T,0,89.9,3.6
6,110001939,110001942,rs30759695,4073478720495861953,WSB/EiJ:WSB/EiJ,T,0,89.9,3.6
6,110001939,110001942,rs30759695,2730850007323893965,129S1/SvImJ:129S1/SvImJ,T,0,89.9,3.6
6,110001939,110001942,rs30759695,7944348991773846878,NZW/LacJ:NZW/LacJ,T,0,89.9,3.6
6,110001939,110001942,rs30759695,5259399829242804489,BTBR T+ Itpr3tf/J:BTBR T+ Itpr3tf/J,T,0,89.9,3.6
6,110000875,110000878,rs31371153,7219807892566518033,MOLF/EiJ:MOLF/EiJ,T,0,89.9,3.6
6,110000875,110000878,rs31371153,5282574083772115650,ST/bJ:ST/bJ,T,0,89.9,3.6
6,110000875,110000878,rs31371153,1687672774222285263,NOD/ShiLtJ:NOD/ShiLtJ,T,0,89.9,3.6
6,110000875,110000878,rs31371153,3605030659903441081,DBA/2J:DBA/2J,T,0,89.9,3.6
6,110000875,110000878,rs31371153,5605071338391218667,KK/HlJ:KK/HlJ,T,0,89.9,3.6
6,110001175,110001178,rs31371975,5769137029261498615,FVB/NJ:FVB/NJ,T,0,90.6,3.6
6,110001175,110001178,rs31371975,5979713106261386838,129S5SvEvBrd:129S5SvEvBrd,T,0,90.6,3.6
6,110001175,110001178,rs31371975,5259399829242804489,BTBR T+ Itpr3tf/J:BTBR T+ Itpr3tf/J,T,0,90.6,3.6
6,110001175,110001178,rs31371975,2730850007323893965,129S1/SvImJ:129S1/SvImJ,T,0,90.6,3.6
6,110001175,110001178,rs31371975,7574261426165932057,BALB/cByJ:BALB/cByJ,T,0,90.6,3.6
6,110001175,110001178,rs31371975,6958038404446949245,NZO/HlLtJ:NZO/HlLtJ,T,0,90.6,3.6
6,110001175,110001178,rs31371975,814856115666740427,NZB/BlNJ:NZB/BlNJ,T,0,90.6,3.6
6,110001175,110001178,rs31371975,7944348991773846878,NZW/LacJ:NZW/LacJ,T,0,90.6,3.6
6,110001175,110001178,rs31371975,3607579610645510828,LEWES/EiJ:LEWES/EiJ,T,0,90.6,3.6
6,110001175,110001178,rs31371975,4073478720495861953,WSB/EiJ:WSB/EiJ,T,0,90.6,3.6
6,110001175,110001178,rs31371975,4415282279763547520,DBA/1J:DBA/1J,T,0,90.6,3.6
6,110001175,110001178,rs31371975,5245350778736364583,129P2/OlaHsd:129P2/OlaHsd,T,0,90.6,3.6
6,110001175,110001178,rs31371975,2960012663662558255,A/J:A/J,T,0,90.6,3.6
6,110001175,110001178,rs31371975,1264315897262221509,LP/J:LP/J,T,0,90.6,3.6
6,110001175,110001178,rs31371975,4411365685096160973,BALB/cJ:BALB/cJ,T,0,90.6,3.6
6,110001461,110001464,rs31371977,5259399829242804489,BTBR T+ Itpr3tf/J:BTBR T+ Itpr3tf/J,T,0,89.9,3.6
6,110001461,110001464,rs31371977,6958038404446949245,NZO/HlLtJ:NZO/HlLtJ,T,0,89.9,3.6
6,110001461,110001464,rs31371977,5245350778736364583,129P2/OlaHsd:129P2/OlaHsd,T,0,89.9,3.6
6,110001461,110001464,rs31371977,5769137029261498615,FVB/NJ:FVB/NJ,T,0,89.9,3.6
6,110001461,110001464,rs31371977,7681566451879352201,C57L/J:C57L/J,T,0,89.9,3.6
6,110001461,110001464,rs31371977,4387230412008939904,RF/J:RF/J,T,0,89.9,3.6
6,110001461,110001464,rs31371977,5239076565946315926,C57BR/cdJ:C57BR/cdJ,T,0,89.9,3.6
6,110001461,110001464,rs31371977,7937957394800611869,C57BL/10J:C57BL/10J,T,0,89.9,3.6
6,110001461,110001464,rs31371977,6304759151880371464,I/LnJ:I/LnJ,T,0,89.9,3.6
6,110001461,110001464,rs31371977,6564127436991157087,C58/J:C58/J,T,0,89.9,3.6
6,110001461,110001464,rs31371977,1891018359168858864,CBA/J:CBA/J,T,0,89.9,3.6
6,110001461,110001464,rs31371977,6681177378357323286,C57BL/6J:C57BL/6J,T,0,89.9,3.6
6,110001461,110001464,rs31371977,2960012663662558255,A/J:A/J,T,0,89.9,3.6
6,110001461,110001464,rs31371977,8074585201083932779,C3H/HeH:C3H/HeH,T,0,89.9,3.6
6,110001461,110001464,rs31371977,4411365685096160973,BALB/cJ:BALB/cJ,T,0,89.9,3.6
6,110001461,110001464,rs31371977,814856115666740427,NZB/BlNJ:NZB/BlNJ,T,0,89.9,3.6
6,110001461,110001464,rs31371977,3607579610645510828,LEWES/EiJ:LEWES/EiJ,T,0,89.9,3.6
6,110001461,110001464,rs31371977,5979713106261386838,129S5SvEvBrd:129S5SvEvBrd,T,0,89.9,3.6
6,110001461,110001464,rs31371977,2349061200250038172,AKR/J:AKR/J,T,0,89.9,3.6
6,110001461,110001464,rs31371977,7574261426165932057,BALB/cByJ:BALB/cByJ,T,0,89.9,3.6
6,110001461,110001464,rs31371977,6046422665330736415,C3H/HeJ:C3H/HeJ,T,0,89.9,3.6
6,110001461,110001464,rs31371977,2730850007323893965,129S1/SvImJ:129S1/SvImJ,T,0,89.9,3.6
6,110001461,110001464,rs31371977,4415282279763547520,DBA/1J:DBA/1J,T,0,89.9,3.6
6,110001461,110001464,rs31371977,1264315897262221509,LP/J:LP/J,T,0,89.9,3.6
6,110001461,110001464,rs31371977,7944348991773846878,NZW/LacJ:NZW/LacJ,T,0,89.9,3.6
6,110001461,110001464,rs31371977,2806925360088926694,BUB/BnJ:BUB/BnJ,T,0,89.9,3.6
6,110001461,110001464,rs31371977,3839281026136148515,C57BL/6NJ:C57BL/6NJ,T,0,89.9,3.6
6,110001461,110001464,rs31371977,4073478720495861953,WSB/EiJ:WSB/EiJ,T,0,89.9,3.6
6,110001461,110001464,rs31371977,8511966040537084826,SEA/GnJ:SEA/GnJ,T,0,89.9,3.6
6,110002822,110002825,rs47970494,5282574083772115650,ST/bJ:ST/bJ,T,0,89.9,3.6
6,110002822,110002825,rs47970494,7219807892566518033,MOLF/EiJ:MOLF/EiJ,T,0,89.9,3.6
6,110002822,110002825,rs47970494,5605071338391218667,KK/HlJ:KK/HlJ,T,0,89.9,3.6
6,110002822,110002825,rs47970494,5338412136937489536,CAST/EiJ:CAST/EiJ,T,0,89.9,3.6
6,110002822,110002825,rs47970494,1687672774222285263,NOD/ShiLtJ:NOD/ShiLtJ,T,0,89.9,3.6
6,110002822,110002825,rs47970494,3552011983362060780,PWK/PhJ:PWK/PhJ,T,0,89.9,3.6
6,110002822,110002825,rs47970494,3605030659903441081,DBA/2J:DBA/2J,T,0,89.9,3.6
6,110002822,110002825,rs47970494,4209403369874301701,SPRET/EiJ:SPRET/EiJ,T,0,89.9,3.6
6,110002193,110002196,rs212987900,814856115666740427,NZB/BlNJ:NZB/BlNJ,T,0,89.9,3.6
6,110002193,110002196,rs212987900,7219807892566518033,MOLF/EiJ:MOLF/EiJ,T,0,89.9,3.6
6,110002193,110002196,rs212987900,5338412136937489536,CAST/EiJ:CAST/EiJ,T,0,89.9,3.6
6,110002193,110002196,rs212987900,2806925360088926694,BUB/BnJ:BUB/BnJ,T,0,89.9,3.6
6,110002193,110002196,rs212987900,6564127436991157087,C58/J:C58/J,T,0,89.9,3.6
6,110002193,110002196,rs212987900,4415282279763547520,DBA/1J:DBA/1J,T,0,89.9,3.6
6,110002193,110002196,rs212987900,5605071338391218667,KK/HlJ:KK/HlJ,T,0,89.9,3.6
6,110002193,110002196,rs212987900,7944348991773846878,NZW/LacJ:NZW/LacJ,T,0,89.9,3.6
6,110002193,110002196,rs212987900,3839281026136148515,C57BL/6NJ:C57BL/6NJ,T,0,89.9,3.6
6,110002193,110002196,rs212987900,2960012663662558255,A/J:A/J,T,0,89.9,3.6
6,110002193,110002196,rs212987900,6046422665330736415,C3H/HeJ:C3H/HeJ,T,0,89.9,3.6
6,110002193,110002196,rs212987900,5769137029261498615,FVB/NJ:FVB/NJ,T,0,89.9,3.6
6,110002193,110002196,rs212987900,6681177378357323286,C57BL/6J:C57BL/6J,T,0,89.9,3.6
6,110002193,110002196,rs212987900,3552011983362060780,PWK/PhJ:PWK/PhJ,T,0,89.9,3.6
6,110002193,110002196,rs212987900,5282574083772115650,ST/bJ:ST/bJ,T,0,89.9,3.6
6,110002193,110002196,rs212987900,4073478720495861953,WSB/EiJ:WSB/EiJ,T,0,89.9,3.6
6,110002193,110002196,rs212987900,2349061200250038172,AKR/J:AKR/J,T,0,89.9,3.6
6,110002193,110002196,rs212987900,1891018359168858864,CBA/J:CBA/J,T,0,89.9,3.6
6,110002193,110002196,rs212987900,3607579610645510828,LEWES/EiJ:LEWES/EiJ,T,0,89.9,3.6
6,110002193,110002196,rs212987900,6958038404446949245,NZO/HlLtJ:NZO/HlLtJ,T,0,89.9,3.6
6,110002193,110002196,rs212987900,3605030659903441081,DBA/2J:DBA/2J,T,0,89.9,3.6
6,110002193,110002196,rs212987900,7681566451879352201,C57L/J:C57L/J,T,0,89.9,3.6
6,110002193,110002196,rs212987900,5239076565946315926,C57BR/cdJ:C57BR/cdJ,T,0,89.9,3.6
6,110002193,110002196,rs212987900,1264315897262221509,LP/J:LP/J,T,0,89.9,3.6
6,110002193,110002196,rs212987900,5259399829242804489,BTBR T+ Itpr3tf/J:BTBR T+ Itpr3tf/J,T,0,89.9,3.6
6,110002193,110002196,rs212987900,6304759151880371464,I/LnJ:I/LnJ,T,0,89.9,3.6
6,110002193,110002196,rs212987900,4411365685096160973,BALB/cJ:BALB/cJ,T,0,89.9,3.6
6,110002193,110002196,rs212987900,1687672774222285263,NOD/ShiLtJ:NOD/ShiLtJ,T,0,89.9,3.6
6,110002193,110002196,rs212987900,5245350778736364583,129P2/OlaHsd:129P2/OlaHsd,T,0,89.9,3.6
6,110002193,110002196,rs212987900,2730850007323893965,129S1/SvImJ:129S1/SvImJ,T,0,89.9,3.6
6,110002193,110002196,rs212987900,8074585201083932779,C3H/HeH:C3H/HeH,T,0,89.9,3.6
6,110002193,110002196,rs212987900,4387230412008939904,RF/J:RF/J,T,0,89.9,3.6
6,110002193,110002196,rs212987900,8177044273458621995,ZALENDE/EiJ:ZALENDE/EiJ,T,0,89.9,3.6
6,110002193,110002196,rs212987900,7937957394800611869,C57BL/10J:C57BL/10J,T,0,89.9,3.6
6,110002193,110002196,rs212987900,8511966040537084826,SEA/GnJ:SEA/GnJ,T,0,89.9,3.6
6,110002193,110002196,rs212987900,5979713106261386838,129S5SvEvBrd:129S5SvEvBrd,T,0,89.9,3.6
6,110002354,110002357,rs214047193,3839281026136148515,C57BL/6NJ:C57BL/6NJ,T,0,89.9,3.6
6,110002354,110002357,rs214047193,1891018359168858864,CBA/J:CBA/J,T,0,89.9,3.6
6,110002354,110002357,rs214047193,2806925360088926694,BUB/BnJ:BUB/BnJ,T,0,89.9,3.6
6,110002354,110002357,rs214047193,4411365685096160973,BALB/cJ:BALB/cJ,T,0,89.9,3.6
6,110002354,110002357,rs214047193,3605030659903441081,DBA/2J:DBA/2J,T,0,89.9,3.6
6,110002352,110002355,rs29876568,8726874488698623782,SEG/Pas:SEG/Pas,NA,0,89.9,3.6
6,110002352,110002355,rs29876568,1187072742236465192,CZECHII/EiJ:CZECHII/EiJ,NA,0,89.9,3.6
6,110002352,110002355,rs29876568,9126142488701751896,CC015/Unc:CC015/Unc,NA,0,89.9,3.6
6,110002352,110002355,rs29876568,5896854098957104737,TIRANO/EiJ:TIRANO/EiJ,NA,0,89.9,3.6
6,110002352,110002355,rs29876568,3167128218464671366,PAHARI/EiJ:PAHARI/EiJ,NA,0,89.9,3.6
6,110002352,110002355,rs29876568,8913048060774007497,O20:O20,NA,0,89.9,3.6
6,110002352,110002355,rs29876568,8108409869693578357,CAROLI/EiJ:CAROLI/EiJ,NA,0,89.9,3.6
6,110002352,110002355,rs29876568,3035663866018227137,CALB/RkJ:CALB/RkJ,NA,0,89.9,3.6
6,110002352,110002355,rs29876568,917260239129299322,QSi5:QSi5,NA,0,89.9,3.6
6,110002352,110002355,rs29876568,4174357032238806204,CC074/Unc:CC074/Unc,NA,0,89.9,3.6
6,110002352,110002355,rs29876568,4390561092167531408,PANCEVO/EiJ:PANCEVO/EiJ,NA,0,89.9,3.6
6,110002352,110002355,rs29876568,2730685979471491128,MAI/Pas:MAI/Pas,NA,0,89.9,3.6
6,110002352,110002355,rs29876568,544288285177973837,BXD86:BXD86,NA,0,89.9,3.6
6,110002352,110002355,rs29876568,9091799938072091109,NU/J:NU/J,NA,0,89.9,3.6
6,110002352,110002355,rs29876568,6700245599351285766,CZECHI/EiJ:CZECHI/EiJ,NA,0,89.9,3.6
6,110002352,110002355,rs29876568,6357050056192947220,CC027/GeniUnc:CC027/GeniUnc,NA,0,89.9,3.6
6,110002352,110002355,rs29876568,5128392437525108904,CC035/Unc:CC035/Unc,NA,0,89.9,3.6
6,110002352,110002355,rs29876568,946045825327200229,SKIVE/EiJ:SKIVE/EiJ,NA,0,89.9,3.6
6,110002352,110002355,rs29876568,8075266192483636916,IS/CamRkJ:IS/CamRkJ,NA,0,89.9,3.6
6,110002352,110002355,rs29876568,4550647939340808838,CC050/Unc:CC050/Unc,NA,0,89.9,3.6
6,110002352,110002355,rs29876568,4211755476448782599,PERC/EiJ:PERC/EiJ,NA,0,89.9,3.6
6,110002640,110002643,rs29877327,8075266192483636916,IS/CamRkJ:IS/CamRkJ,NA,0,89.8,3.6
6,110002640,110002643,rs29877327,6357050056192947220,CC027/GeniUnc:CC027/GeniUnc,NA,0,89.8,3.6
6,110002640,110002643,rs29877327,4211755476448782599,PERC/EiJ:PERC/EiJ,NA,0,89.8,3.6
6,110002640,110002643,rs29877327,4174357032238806204,CC074/Unc:CC074/Unc,NA,0,89.8,3.6
6,110002640,110002643,rs29877327,9126142488701751896,CC015/Unc:CC015/Unc,NA,0,89.8,3.6
6,110002640,110002643,rs29877327,2730685979471491128,MAI/Pas:MAI/Pas,NA,0,89.8,3.6
6,110002640,110002643,rs29877327,917260239129299322,QSi5:QSi5,NA,0,89.8,3.6
6,110002640,110002643,rs29877327,8108409869693578357,CAROLI/EiJ:CAROLI/EiJ,NA,0,89.8,3.6
6,110002640,110002643,rs29877327,5896854098957104737,TIRANO/EiJ:TIRANO/EiJ,NA,0,89.8,3.6
6,110002640,110002643,rs29877327,9091799938072091109,NU/J:NU/J,NA,0,89.8,3.6
6,110002640,110002643,rs29877327,3167128218464671366,PAHARI/EiJ:PAHARI/EiJ,NA,0,89.8,3.6
6,110002640,110002643,rs29877327,544288285177973837,BXD86:BXD86,NA,0,89.8,3.6
6,110002640,110002643,rs29877327,6700245599351285766,CZECHI/EiJ:CZECHI/EiJ,NA,0,89.8,3.6
6,110002640,110002643,rs29877327,1187072742236465192,CZECHII/EiJ:CZECHII/EiJ,NA,0,89.8,3.6
6,110002640,110002643,rs29877327,4550647939340808838,CC050/Unc:CC050/Unc,NA,0,89.8,3.6
6,110002640,110002643,rs29877327,946045825327200229,SKIVE/EiJ:SKIVE/EiJ,NA,0,89.8,3.6
6,110002640,110002643,rs29877327,4390561092167531408,PANCEVO/EiJ:PANCEVO/EiJ,NA,0,89.8,3.6
6,110002640,110002643,rs29877327,8726874488698623782,SEG/Pas:SEG/Pas,NA,0,89.8,3.6
6,110002640,110002643,rs29877327,8913048060774007497,O20:O20,NA,0,89.8,3.6
6,110002640,110002643,rs29877327,3035663866018227137,CALB/RkJ:CALB/RkJ,NA,0,89.8,3.6
6,110002640,110002643,rs29877327,5128392437525108904,CC035/Unc:CC035/Unc,NA,0,89.8,3.6
6,110002371,110002374,rs30164871,544288285177973837,BXD86:BXD86,NA,0,89.9,3.6
6,110002371,110002374,rs30164871,8108409869693578357,CAROLI/EiJ:CAROLI/EiJ,NA,0,89.9,3.6
6,110002371,110002374,rs30164871,8913048060774007497,O20:O20,NA,0,89.9,3.6
6,110002371,110002374,rs30164871,2730685979471491128,MAI/Pas:MAI/Pas,NA,0,89.9,3.6
6,110002371,110002374,rs30164871,9091799938072091109,NU/J:NU/J,NA,0,89.9,3.6
6,110002371,110002374,rs30164871,946045825327200229,SKIVE/EiJ:SKIVE/EiJ,NA,0,89.9,3.6
6,110002371,110002374,rs30164871,917260239129299322,QSi5:QSi5,NA,0,89.9,3.6
6,110002371,110002374,rs30164871,4550647939340808838,CC050/Unc:CC050/Unc,NA,0,89.9,3.6
6,110002371,110002374,rs30164871,4174357032238806204,CC074/Unc:CC074/Unc,NA,0,89.9,3.6
6,110002371,110002374,rs30164871,5896854098957104737,TIRANO/EiJ:TIRANO/EiJ,NA,0,89.9,3.6
6,110002371,110002374,rs30164871,3167128218464671366,PAHARI/EiJ:PAHARI/EiJ,NA,0,89.9,3.6
6,110002371,110002374,rs30164871,6700245599351285766,CZECHI/EiJ:CZECHI/EiJ,NA,0,89.9,3.6
6,110002371,110002374,rs30164871,4390561092167531408,PANCEVO/EiJ:PANCEVO/EiJ,NA,0,89.9,3.6
6,110002371,110002374,rs30164871,1187072742236465192,CZECHII/EiJ:CZECHII/EiJ,NA,0,89.9,3.6
6,110002371,110002374,rs30164871,8075266192483636916,IS/CamRkJ:IS/CamRkJ,NA,0,89.9,3.6
6,110002371,110002374,rs30164871,4211755476448782599,PERC/EiJ:PERC/EiJ,NA,0,89.9,3.6
6,110002371,110002374,rs30164871,9126142488701751896,CC015/Unc:CC015/Unc,NA,0,89.9,3.6
6,110002371,110002374,rs30164871,6357050056192947220,CC027/GeniUnc:CC027/GeniUnc,NA,0,89.9,3.6
6,110002371,110002374,rs30164871,5128392437525108904,CC035/Unc:CC035/Unc,NA,0,89.9,3.6
6,110002371,110002374,rs30164871,8726874488698623782,SEG/Pas:SEG/Pas,NA,0,89.9,3.6
6,110002371,110002374,rs30164871,3035663866018227137,CALB/RkJ:CALB/RkJ,NA,0,89.9,3.6
6,110001686,110001689,rs30256298,8108409869693578357,CAROLI/EiJ:CAROLI/EiJ,NA,0,89.9,3.6
6,110001686,110001689,rs30256298,946045825327200229,SKIVE/EiJ:SKIVE/EiJ,NA,0,89.9,3.6
6,110001686,110001689,rs30256298,4174357032238806204,CC074/Unc:CC074/Unc,NA,0,89.9,3.6
6,110001686,110001689,rs30256298,9126142488701751896,CC015/Unc:CC015/Unc,NA,0,89.9,3.6
6,110001686,110001689,rs30256298,8075266192483636916,IS/CamRkJ:IS/CamRkJ,NA,0,89.9,3.6
6,110001686,110001689,rs30256298,4211755476448782599,PERC/EiJ:PERC/EiJ,NA,0,89.9,3.6
6,110001686,110001689,rs30256298,5128392437525108904,CC035/Unc:CC035/Unc,NA,0,89.9,3.6
6,110001686,110001689,rs30256298,2730685979471491128,MAI/Pas:MAI/Pas,NA,0,89.9,3.6
6,110001686,110001689,rs30256298,5896854098957104737,TIRANO/EiJ:TIRANO/EiJ,NA,0,89.9,3.6
6,110001686,110001689,rs30256298,544288285177973837,BXD86:BXD86,NA,0,89.9,3.6
6,110001686,110001689,rs30256298,8726874488698623782,SEG/Pas:SEG/Pas,NA,0,89.9,3.6
6,110001686,110001689,rs30256298,8913048060774007497,O20:O20,NA,0,89.9,3.6
6,110001686,110001689,rs30256298,3167128218464671366,PAHARI/EiJ:PAHARI/EiJ,NA,0,89.9,3.6
6,110001686,110001689,rs30256298,4390561092167531408,PANCEVO/EiJ:PANCEVO/EiJ,NA,0,89.9,3.6
6,110001686,110001689,rs30256298,4550647939340808838,CC050/Unc:CC050/Unc,NA,0,89.9,3.6
6,110001686,110001689,rs30256298,6700245599351285766,CZECHI/EiJ:CZECHI/EiJ,NA,0,89.9,3.6
6,110001686,110001689,rs30256298,917260239129299322,QSi5:QSi5,NA,0,89.9,3.6
6,110001686,110001689,rs30256298,9091799938072091109,NU/J:NU/J,NA,0,89.9,3.6
6,110001686,110001689,rs30256298,6357050056192947220,CC027/GeniUnc:CC027/GeniUnc,NA,0,89.9,3.6
6,110001686,110001689,rs30256298,1187072742236465192,CZECHII/EiJ:CZECHII/EiJ,NA,0,89.9,3.6
6,110001686,110001689,rs30256298,3035663866018227137,CALB/RkJ:CALB/RkJ,NA,0,89.9,3.6
6,110001712,110001715,rs30662635,3035663866018227137,CALB/RkJ:CALB/RkJ,NA,0,89.9,3.6
6,110001712,110001715,rs30662635,9091799938072091109,NU/J:NU/J,NA,0,89.9,3.6
6,110001712,110001715,rs30662635,8075266192483636916,IS/CamRkJ:IS/CamRkJ,NA,0,89.9,3.6
6,110001712,110001715,rs30662635,9126142488701751896,CC015/Unc:CC015/Unc,NA,0,89.9,3.6
6,110001712,110001715,rs30662635,4174357032238806204,CC074/Unc:CC074/Unc,NA,0,89.9,3.6
6,110001712,110001715,rs30662635,4211755476448782599,PERC/EiJ:PERC/EiJ,NA,0,89.9,3.6
6,110001712,110001715,rs30662635,544288285177973837,BXD86:BXD86,NA,0,89.9,3.6
6,110001712,110001715,rs30662635,8108409869693578357,CAROLI/EiJ:CAROLI/EiJ,NA,0,89.9,3.6
6,110001712,110001715,rs30662635,5896854098957104737,TIRANO/EiJ:TIRANO/EiJ,NA,0,89.9,3.6
6,110001712,110001715,rs30662635,3167128218464671366,PAHARI/EiJ:PAHARI/EiJ,NA,0,89.9,3.6
6,110001712,110001715,rs30662635,5128392437525108904,CC035/Unc:CC035/Unc,NA,0,89.9,3.6
6,110001712,110001715,rs30662635,946045825327200229,SKIVE/EiJ:SKIVE/EiJ,NA,0,89.9,3.6
6,110001712,110001715,rs30662635,6700245599351285766,CZECHI/EiJ:CZECHI/EiJ,NA,0,89.9,3.6
6,110001712,110001715,rs30662635,2730685979471491128,MAI/Pas:MAI/Pas,NA,0,89.9,3.6
6,110001712,110001715,rs30662635,4550647939340808838,CC050/Unc:CC050/Unc,NA,0,89.9,3.6
6,110001712,110001715,rs30662635,8913048060774007497,O20:O20,NA,0,89.9,3.6
6,110001712,110001715,rs30662635,8726874488698623782,SEG/Pas:SEG/Pas,NA,0,89.9,3.6
6,110001712,110001715,rs30662635,4390561092167531408,PANCEVO/EiJ:PANCEVO/EiJ,NA,0,89.9,3.6
6,110001712,110001715,rs30662635,917260239129299322,QSi5:QSi5,NA,0,89.9,3.6
6,110001712,110001715,rs30662635,6357050056192947220,CC027/GeniUnc:CC027/GeniUnc,NA,0,89.9,3.6
6,110001712,110001715,rs30662635,1187072742236465192,CZECHII/EiJ:CZECHII/EiJ,NA,0,89.9,3.6
6,110001906,110001909,rs30716019,4550647939340808838,CC050/Unc:CC050/Unc,NA,0,89.9,3.6
6,110001906,110001909,rs30716019,8108409869693578357,CAROLI/EiJ:CAROLI/EiJ,NA,0,89.9,3.6
6,110001906,110001909,rs30716019,9126142488701751896,CC015/Unc:CC015/Unc,NA,0,89.9,3.6
6,110001906,110001909,rs30716019,8075266192483636916,IS/CamRkJ:IS/CamRkJ,NA,0,89.9,3.6
6,110001906,110001909,rs30716019,1187072742236465192,CZECHII/EiJ:CZECHII/EiJ,NA,0,89.9,3.6
6,110001906,110001909,rs30716019,5896854098957104737,TIRANO/EiJ:TIRANO/EiJ,NA,0,89.9,3.6
6,110001906,110001909,rs30716019,2730685979471491128,MAI/Pas:MAI/Pas,NA,0,89.9,3.6
6,110001906,110001909,rs30716019,8726874488698623782,SEG/Pas:SEG/Pas,NA,0,89.9,3.6
6,110001906,110001909,rs30716019,6700245599351285766,CZECHI/EiJ:CZECHI/EiJ,NA,0,89.9,3.6
6,110001906,110001909,rs30716019,8913048060774007497,O20:O20,NA,0,89.9,3.6
6,110001906,110001909,rs30716019,5128392437525108904,CC035/Unc:CC035/Unc,NA,0,89.9,3.6
6,110001906,110001909,rs30716019,3167128218464671366,PAHARI/EiJ:PAHARI/EiJ,NA,0,89.9,3.6
6,110001906,110001909,rs30716019,917260239129299322,QSi5:QSi5,NA,0,89.9,3.6
6,110001906,110001909,rs30716019,544288285177973837,BXD86:BXD86,NA,0,89.9,3.6
6,110001906,110001909,rs30716019,9091799938072091109,NU/J:NU/J,NA,0,89.9,3.6
6,110001906,110001909,rs30716019,4211755476448782599,PERC/EiJ:PERC/EiJ,NA,0,89.9,3.6
6,110001906,110001909,rs30716019,4174357032238806204,CC074/Unc:CC074/Unc,NA,0,89.9,3.6
6,110001906,110001909,rs30716019,946045825327200229,SKIVE/EiJ:SKIVE/EiJ,NA,0,89.9,3.6
6,110001906,110001909,rs30716019,4390561092167531408,PANCEVO/EiJ:PANCEVO/EiJ,NA,0,89.9,3.6
6,110001906,110001909,rs30716019,6357050056192947220,CC027/GeniUnc:CC027/GeniUnc,NA,0,89.9,3.6
6,110001906,110001909,rs30716019,3035663866018227137,CALB/RkJ:CALB/RkJ,NA,0,89.9,3.6
6,110001939,110001942,rs30759695,6357050056192947220,CC027/GeniUnc:CC027/GeniUnc,NA,0,89.9,3.6
6,110001939,110001942,rs30759695,917260239129299322,QSi5:QSi5,NA,0,89.9,3.6
6,110001939,110001942,rs30759695,544288285177973837,BXD86:BXD86,NA,0,89.9,3.6
6,110001939,110001942,rs30759695,2730685979471491128,MAI/Pas:MAI/Pas,NA,0,89.9,3.6
6,110001939,110001942,rs30759695,8913048060774007497,O20:O20,NA,0,89.9,3.6
6,110001939,110001942,rs30759695,946045825327200229,SKIVE/EiJ:SKIVE/EiJ,NA,0,89.9,3.6
6,110001939,110001942,rs30759695,3167128218464671366,PAHARI/EiJ:PAHARI/EiJ,NA,0,89.9,3.6
6,110001939,110001942,rs30759695,8726874488698623782,SEG/Pas:SEG/Pas,NA,0,89.9,3.6
6,110001939,110001942,rs30759695,3035663866018227137,CALB/RkJ:CALB/RkJ,NA,0,89.9,3.6
6,110001939,110001942,rs30759695,1187072742236465192,CZECHII/EiJ:CZECHII/EiJ,NA,0,89.9,3.6
6,110001939,110001942,rs30759695,9091799938072091109,NU/J:NU/J,NA,0,89.9,3.6
6,110001939,110001942,rs30759695,4390561092167531408,PANCEVO/EiJ:PANCEVO/EiJ,NA,0,89.9,3.6
6,110001939,110001942,rs30759695,4550647939340808838,CC050/Unc:CC050/Unc,NA,0,89.9,3.6
6,110001939,110001942,rs30759695,5128392437525108904,CC035/Unc:CC035/Unc,NA,0,89.9,3.6
6,110001939,110001942,rs30759695,8075266192483636916,IS/CamRkJ:IS/CamRkJ,NA,0,89.9,3.6
6,110001939,110001942,rs30759695,9126142488701751896,CC015/Unc:CC015/Unc,NA,0,89.9,3.6
6,110001939,110001942,rs30759695,4211755476448782599,PERC/EiJ:PERC/EiJ,NA,0,89.9,3.6
6,110001939,110001942,rs30759695,8108409869693578357,CAROLI/EiJ:CAROLI/EiJ,NA,0,89.9,3.6
6,110001939,110001942,rs30759695,4174357032238806204,CC074/Unc:CC074/Unc,NA,0,89.9,3.6
6,110001939,110001942,rs30759695,6700245599351285766,CZECHI/EiJ:CZECHI/EiJ,NA,0,89.9,3.6
6,110001939,110001942,rs30759695,5896854098957104737,TIRANO/EiJ:TIRANO/EiJ,NA,0,89.9,3.6
6,110002400,110002403,rs30801476,5128392437525108904,CC035/Unc:CC035/Unc,NA,0,89.9,3.6
6,110002400,110002403,rs30801476,6357050056192947220,CC027/GeniUnc:CC027/GeniUnc,NA,0,89.9,3.6
6,110002400,110002403,rs30801476,8075266192483636916,IS/CamRkJ:IS/CamRkJ,NA,0,89.9,3.6
6,110002400,110002403,rs30801476,8726874488698623782,SEG/Pas:SEG/Pas,NA,0,89.9,3.6
6,110002400,110002403,rs30801476,1187072742236465192,CZECHII/EiJ:CZECHII/EiJ,NA,0,89.9,3.6
6,110002400,110002403,rs30801476,2730685979471491128,MAI/Pas:MAI/Pas,NA,0,89.9,3.6
6,110002400,110002403,rs30801476,4174357032238806204,CC074/Unc:CC074/Unc,NA,0,89.9,3.6
6,110002400,110002403,rs30801476,3035663866018227137,CALB/RkJ:CALB/RkJ,NA,0,89.9,3.6
6,110002400,110002403,rs30801476,917260239129299322,QSi5:QSi5,NA,0,89.9,3.6
6,110002400,110002403,rs30801476,8108409869693578357,CAROLI/EiJ:CAROLI/EiJ,NA,0,89.9,3.6
6,110002400,110002403,rs30801476,6700245599351285766,CZECHI/EiJ:CZECHI/EiJ,NA,0,89.9,3.6
6,110002400,110002403,rs30801476,4390561092167531408,PANCEVO/EiJ:PANCEVO/EiJ,NA,0,89.9,3.6
6,110002400,110002403,rs30801476,5896854098957104737,TIRANO/EiJ:TIRANO/EiJ,NA,0,89.9,3.6
6,110002400,110002403,rs30801476,544288285177973837,BXD86:BXD86,NA,0,89.9,3.6
6,110002400,110002403,rs30801476,8913048060774007497,O20:O20,NA,0,89.9,3.6
6,110002400,110002403,rs30801476,4211755476448782599,PERC/EiJ:PERC/EiJ,NA,0,89.9,3.6
6,110002400,110002403,rs30801476,9126142488701751896,CC015/Unc:CC015/Unc,NA,0,89.9,3.6
6,110002400,110002403,rs30801476,3167128218464671366,PAHARI/EiJ:PAHARI/EiJ,NA,0,89.9,3.6
6,110002400,110002403,rs30801476,4550647939340808838,CC050/Unc:CC050/Unc,NA,0,89.9,3.6
6,110002400,110002403,rs30801476,946045825327200229,SKIVE/EiJ:SKIVE/EiJ,NA,0,89.9,3.6
6,110002400,110002403,rs30801476,9091799938072091109,NU/J:NU/J,NA,0,89.9,3.6
6,110001760,110001763,rs30852320,4211755476448782599,PERC/EiJ:PERC/EiJ,NA,0,89.9,3.6
6,110001760,110001763,rs30852320,8726874488698623782,SEG/Pas:SEG/Pas,NA,0,89.9,3.6
6,110001760,110001763,rs30852320,6700245599351285766,CZECHI/EiJ:CZECHI/EiJ,NA,0,89.9,3.6
6,110001760,110001763,rs30852320,9091799938072091109,NU/J:NU/J,NA,0,89.9,3.6
6,110001760,110001763,rs30852320,917260239129299322,QSi5:QSi5,NA,0,89.9,3.6
6,110001760,110001763,rs30852320,5128392437525108904,CC035/Unc:CC035/Unc,NA,0,89.9,3.6
6,110001760,110001763,rs30852320,5896854098957104737,TIRANO/EiJ:TIRANO/EiJ,NA,0,89.9,3.6
6,110001760,110001763,rs30852320,3167128218464671366,PAHARI/EiJ:PAHARI/EiJ,NA,0,89.9,3.6
6,110001760,110001763,rs30852320,3035663866018227137,CALB/RkJ:CALB/RkJ,NA,0,89.9,3.6
6,110001760,110001763,rs30852320,8075266192483636916,IS/CamRkJ:IS/CamRkJ,NA,0,89.9,3.6
6,110001760,110001763,rs30852320,9126142488701751896,CC015/Unc:CC015/Unc,NA,0,89.9,3.6
6,110001760,110001763,rs30852320,4550647939340808838,CC050/Unc:CC050/Unc,NA,0,89.9,3.6
6,110001760,110001763,rs30852320,1187072742236465192,CZECHII/EiJ:CZECHII/EiJ,NA,0,89.9,3.6
6,110001760,110001763,rs30852320,2730685979471491128,MAI/Pas:MAI/Pas,NA,0,89.9,3.6
6,110001760,110001763,rs30852320,8913048060774007497,O20:O20,NA,0,89.9,3.6
6,110001760,110001763,rs30852320,4174357032238806204,CC074/Unc:CC074/Unc,NA,0,89.9,3.6
6,110001760,110001763,rs30852320,6357050056192947220,CC027/GeniUnc:CC027/GeniUnc,NA,0,89.9,3.6
6,110001760,110001763,rs30852320,544288285177973837,BXD86:BXD86,NA,0,89.9,3.6
6,110001760,110001763,rs30852320,4390561092167531408,PANCEVO/EiJ:PANCEVO/EiJ,NA,0,89.9,3.6
6,110001760,110001763,rs30852320,8108409869693578357,CAROLI/EiJ:CAROLI/EiJ,NA,0,89.9,3.6
6,110001760,110001763,rs30852320,946045825327200229,SKIVE/EiJ:SKIVE/EiJ,NA,0,89.9,3.6
6,110000725,110000728,rs30853427,8913048060774007497,O20:O20,NA,0,89.9,3.6
6,110000725,110000728,rs30853427,9126142488701751896,CC015/Unc:CC015/Unc,NA,0,89.9,3.6
6,110000725,110000728,rs30853427,4174357032238806204,CC074/Unc:CC074/Unc,NA,0,89.9,3.6
6,110000725,110000728,rs30853427,6700245599351285766,CZECHI/EiJ:CZECHI/EiJ,NA,0,89.9,3.6
6,110000725,110000728,rs30853427,946045825327200229,SKIVE/EiJ:SKIVE/EiJ,NA,0,89.9,3.6
6,110000725,110000728,rs30853427,8726874488698623782,SEG/Pas:SEG/Pas,NA,0,89.9,3.6
6,110000725,110000728,rs30853427,8108409869693578357,CAROLI/EiJ:CAROLI/EiJ,NA,0,89.9,3.6
6,110000725,110000728,rs30853427,917260239129299322,QSi5:QSi5,NA,0,89.9,3.6
6,110000725,110000728,rs30853427,1187072742236465192,CZECHII/EiJ:CZECHII/EiJ,NA,0,89.9,3.6
6,110000725,110000728,rs30853427,3035663866018227137,CALB/RkJ:CALB/RkJ,NA,0,89.9,3.6
6,110000725,110000728,rs30853427,3167128218464671366,PAHARI/EiJ:PAHARI/EiJ,NA,0,89.9,3.6
6,110000725,110000728,rs30853427,6357050056192947220,CC027/GeniUnc:CC027/GeniUnc,NA,0,89.9,3.6
6,110000725,110000728,rs30853427,544288285177973837,BXD86:BXD86,NA,0,89.9,3.6
6,110000725,110000728,rs30853427,4390561092167531408,PANCEVO/EiJ:PANCEVO/EiJ,NA,0,89.9,3.6
6,110000725,110000728,rs30853427,9091799938072091109,NU/J:NU/J,NA,0,89.9,3.6
6,110000725,110000728,rs30853427,4211755476448782599,PERC/EiJ:PERC/EiJ,NA,0,89.9,3.6
6,110000725,110000728,rs30853427,5896854098957104737,TIRANO/EiJ:TIRANO/EiJ,NA,0,89.9,3.6
6,110000725,110000728,rs30853427,2730685979471491128,MAI/Pas:MAI/Pas,NA,0,89.9,3.6
6,110000725,110000728,rs30853427,4550647939340808838,CC050/Unc:CC050/Unc,NA,0,89.9,3.6
6,110000725,110000728,rs30853427,5128392437525108904,CC035/Unc:CC035/Unc,NA,0,89.9,3.6
6,110000725,110000728,rs30853427,8075266192483636916,IS/CamRkJ:IS/CamRkJ,NA,0,89.9,3.6
6,110000875,110000878,rs31371153,5896854098957104737,TIRANO/EiJ:TIRANO/EiJ,NA,0,89.9,3.6
6,110000875,110000878,rs31371153,4174357032238806204,CC074/Unc:CC074/Unc,NA,0,89.9,3.6
6,110000875,110000878,rs31371153,2730685979471491128,MAI/Pas:MAI/Pas,NA,0,89.9,3.6
6,110000875,110000878,rs31371153,3035663866018227137,CALB/RkJ:CALB/RkJ,NA,0,89.9,3.6
6,110000875,110000878,rs31371153,8913048060774007497,O20:O20,NA,0,89.9,3.6
6,110000875,110000878,rs31371153,4550647939340808838,CC050/Unc:CC050/Unc,NA,0,89.9,3.6
6,110000875,110000878,rs31371153,4390561092167531408,PANCEVO/EiJ:PANCEVO/EiJ,NA,0,89.9,3.6
6,110000875,110000878,rs31371153,946045825327200229,SKIVE/EiJ:SKIVE/EiJ,NA,0,89.9,3.6
6,110000875,110000878,rs31371153,8726874488698623782,SEG/Pas:SEG/Pas,NA,0,89.9,3.6
6,110000875,110000878,rs31371153,917260239129299322,QSi5:QSi5,NA,0,89.9,3.6
6,110000875,110000878,rs31371153,4211755476448782599,PERC/EiJ:PERC/EiJ,NA,0,89.9,3.6
6,110000875,110000878,rs31371153,8075266192483636916,IS/CamRkJ:IS/CamRkJ,NA,0,89.9,3.6
6,110000875,110000878,rs31371153,544288285177973837,BXD86:BXD86,NA,0,89.9,3.6
6,110000875,110000878,rs31371153,8108409869693578357,CAROLI/EiJ:CAROLI/EiJ,NA,0,89.9,3.6
6,110000875,110000878,rs31371153,6700245599351285766,CZECHI/EiJ:CZECHI/EiJ,NA,0,89.9,3.6
6,110000875,110000878,rs31371153,1187072742236465192,CZECHII/EiJ:CZECHII/EiJ,NA,0,89.9,3.6
6,110000875,110000878,rs31371153,9126142488701751896,CC015/Unc:CC015/Unc,NA,0,89.9,3.6
6,110000875,110000878,rs31371153,3167128218464671366,PAHARI/EiJ:PAHARI/EiJ,NA,0,89.9,3.6
6,110000875,110000878,rs31371153,9091799938072091109,NU/J:NU/J,NA,0,89.9,3.6
6,110000875,110000878,rs31371153,5128392437525108904,CC035/Unc:CC035/Unc,NA,0,89.9,3.6
6,110000875,110000878,rs31371153,6357050056192947220,CC027/GeniUnc:CC027/GeniUnc,NA,0,89.9,3.6
6,110001175,110001178,rs31371975,8075266192483636916,IS/CamRkJ:IS/CamRkJ,NA,0,90.6,3.6
6,110001175,110001178,rs31371975,9126142488701751896,CC015/Unc:CC015/Unc,NA,0,90.6,3.6
6,110001175,110001178,rs31371975,2730685979471491128,MAI/Pas:MAI/Pas,NA,0,90.6,3.6
6,110001175,110001178,rs31371975,3035663866018227137,CALB/RkJ:CALB/RkJ,NA,0,90.6,3.6
6,110001175,110001178,rs31371975,6700245599351285766,CZECHI/EiJ:CZECHI/EiJ,NA,0,90.6,3.6
6,110001175,110001178,rs31371975,8726874488698623782,SEG/Pas:SEG/Pas,NA,0,90.6,3.6
6,110001175,110001178,rs31371975,8108409869693578357,CAROLI/EiJ:CAROLI/EiJ,NA,0,90.6,3.6
6,110001175,110001178,rs31371975,1187072742236465192,CZECHII/EiJ:CZECHII/EiJ,NA,0,90.6,3.6
6,110001175,110001178,rs31371975,4211755476448782599,PERC/EiJ:PERC/EiJ,NA,0,90.6,3.6
6,110001175,110001178,rs31371975,8913048060774007497,O20:O20,NA,0,90.6,3.6
6,110001175,110001178,rs31371975,4550647939340808838,CC050/Unc:CC050/Unc,NA,0,90.6,3.6
6,110001175,110001178,rs31371975,917260239129299322,QSi5:QSi5,NA,0,90.6,3.6
6,110001175,110001178,rs31371975,9091799938072091109,NU/J:NU/J,NA,0,90.6,3.6
6,110001175,110001178,rs31371975,946045825327200229,SKIVE/EiJ:SKIVE/EiJ,NA,0,90.6,3.6
6,110001175,110001178,rs31371975,5896854098957104737,TIRANO/EiJ:TIRANO/EiJ,NA,0,90.6,3.6
6,110001175,110001178,rs31371975,544288285177973837,BXD86:BXD86,NA,0,90.6,3.6
6,110001175,110001178,rs31371975,5128392437525108904,CC035/Unc:CC035/Unc,NA,0,90.6,3.6
6,110001175,110001178,rs31371975,3167128218464671366,PAHARI/EiJ:PAHARI/EiJ,NA,0,90.6,3.6
6,110001175,110001178,rs31371975,6357050056192947220,CC027/GeniUnc:CC027/GeniUnc,NA,0,90.6,3.6
6,110001175,110001178,rs31371975,4174357032238806204,CC074/Unc:CC074/Unc,NA,0,90.6,3.6
6,110001175,110001178,rs31371975,4390561092167531408,PANCEVO/EiJ:PANCEVO/EiJ,NA,0,90.6,3.6
6,110001461,110001464,rs31371977,9126142488701751896,CC015/Unc:CC015/Unc,NA,0,89.9,3.6
6,110001461,110001464,rs31371977,1187072742236465192,CZECHII/EiJ:CZECHII/EiJ,NA,0,89.9,3.6
6,110001461,110001464,rs31371977,5128392437525108904,CC035/Unc:CC035/Unc,NA,0,89.9,3.6
6,110001461,110001464,rs31371977,946045825327200229,SKIVE/EiJ:SKIVE/EiJ,NA,0,89.9,3.6
6,110001461,110001464,rs31371977,6700245599351285766,CZECHI/EiJ:CZECHI/EiJ,NA,0,89.9,3.6
6,110001461,110001464,rs31371977,9091799938072091109,NU/J:NU/J,NA,0,89.9,3.6
6,110001461,110001464,rs31371977,544288285177973837,BXD86:BXD86,NA,0,89.9,3.6
6,110001461,110001464,rs31371977,5896854098957104737,TIRANO/EiJ:TIRANO/EiJ,NA,0,89.9,3.6
6,110001461,110001464,rs31371977,8108409869693578357,CAROLI/EiJ:CAROLI/EiJ,NA,0,89.9,3.6
6,110001461,110001464,rs31371977,8075266192483636916,IS/CamRkJ:IS/CamRkJ,NA,0,89.9,3.6
6,110001461,110001464,rs31371977,6357050056192947220,CC027/GeniUnc:CC027/GeniUnc,NA,0,89.9,3.6
6,110001461,110001464,rs31371977,4550647939340808838,CC050/Unc:CC050/Unc,NA,0,89.9,3.6
6,110001461,110001464,rs31371977,4174357032238806204,CC074/Unc:CC074/Unc,NA,0,89.9,3.6
6,110001461,110001464,rs31371977,8726874488698623782,SEG/Pas:SEG/Pas,NA,0,89.9,3.6
6,110001461,110001464,rs31371977,3035663866018227137,CALB/RkJ:CALB/RkJ,NA,0,89.9,3.6
6,110001461,110001464,rs31371977,917260239129299322,QSi5:QSi5,NA,0,89.9,3.6
6,110001461,110001464,rs31371977,2730685979471491128,MAI/Pas:MAI/Pas,NA,0,89.9,3.6
6,110001461,110001464,rs31371977,4390561092167531408,PANCEVO/EiJ:PANCEVO/EiJ,NA,0,89.9,3.6
6,110001461,110001464,rs31371977,8913048060774007497,O20:O20,NA,0,89.9,3.6
6,110001461,110001464,rs31371977,3167128218464671366,PAHARI/EiJ:PAHARI/EiJ,NA,0,89.9,3.6
6,110001461,110001464,rs31371977,4211755476448782599,PERC/EiJ:PERC/EiJ,NA,0,89.9,3.6
6,110002664,110002667,rs31371983,4550647939340808838,CC050/Unc:CC050/Unc,NA,0,89.9,3.6
6,110002664,110002667,rs31371983,9126142488701751896,CC015/Unc:CC015/Unc,NA,0,89.9,3.6
6,110002664,110002667,rs31371983,5128392437525108904,CC035/Unc:CC035/Unc,NA,0,89.9,3.6
6,110002664,110002667,rs31371983,1187072742236465192,CZECHII/EiJ:CZECHII/EiJ,NA,0,89.9,3.6
6,110002664,110002667,rs31371983,2730685979471491128,MAI/Pas:MAI/Pas,NA,0,89.9,3.6
6,110002664,110002667,rs31371983,8726874488698623782,SEG/Pas:SEG/Pas,NA,0,89.9,3.6
6,110002664,110002667,rs31371983,4174357032238806204,CC074/Unc:CC074/Unc,NA,0,89.9,3.6
6,110002664,110002667,rs31371983,3167128218464671366,PAHARI/EiJ:PAHARI/EiJ,NA,0,89.9,3.6
6,110002664,110002667,rs31371983,3035663866018227137,CALB/RkJ:CALB/RkJ,NA,0,89.9,3.6
6,110002664,110002667,rs31371983,946045825327200229,SKIVE/EiJ:SKIVE/EiJ,NA,0,89.9,3.6
6,110002664,110002667,rs31371983,9091799938072091109,NU/J:NU/J,NA,0,89.9,3.6
6,110002664,110002667,rs31371983,8108409869693578357,CAROLI/EiJ:CAROLI/EiJ,NA,0,89.9,3.6
6,110002664,110002667,rs31371983,917260239129299322,QSi5:QSi5,NA,0,89.9,3.6
6,110002664,110002667,rs31371983,4211755476448782599,PERC/EiJ:PERC/EiJ,NA,0,89.9,3.6
6,110002664,110002667,rs31371983,6700245599351285766,CZECHI/EiJ:CZECHI/EiJ,NA,0,89.9,3.6
6,110002664,110002667,rs31371983,5896854098957104737,TIRANO/EiJ:TIRANO/EiJ,NA,0,89.9,3.6
6,110002664,110002667,rs31371983,544288285177973837,BXD86:BXD86,NA,0,89.9,3.6
6,110002664,110002667,rs31371983,6357050056192947220,CC027/GeniUnc:CC027/GeniUnc,NA,0,89.9,3.6
6,110002664,110002667,rs31371983,8913048060774007497,O20:O20,NA,0,89.9,3.6
6,110002664,110002667,rs31371983,8075266192483636916,IS/CamRkJ:IS/CamRkJ,NA,0,89.9,3.6
6,110002664,110002667,rs31371983,4390561092167531408,PANCEVO/EiJ:PANCEVO/EiJ,NA,0,89.9,3.6
6,110002822,110002825,rs47970494,3167128218464671366,PAHARI/EiJ:PAHARI/EiJ,NA,0,89.9,3.6
6,110002822,110002825,rs47970494,5128392437525108904,CC035/Unc:CC035/Unc,NA,0,89.9,3.6
6,110002822,110002825,rs47970494,9091799938072091109,NU/J:NU/J,NA,0,89.9,3.6
6,110002822,110002825,rs47970494,1187072742236465192,CZECHII/EiJ:CZECHII/EiJ,NA,0,89.9,3.6
6,110002822,110002825,rs47970494,4390561092167531408,PANCEVO/EiJ:PANCEVO/EiJ,NA,0,89.9,3.6
6,110002822,110002825,rs47970494,3035663866018227137,CALB/RkJ:CALB/RkJ,NA,0,89.9,3.6
6,110002822,110002825,rs47970494,8108409869693578357,CAROLI/EiJ:CAROLI/EiJ,NA,0,89.9,3.6
6,110002822,110002825,rs47970494,4550647939340808838,CC050/Unc:CC050/Unc,NA,0,89.9,3.6
6,110002822,110002825,rs47970494,5896854098957104737,TIRANO/EiJ:TIRANO/EiJ,NA,0,89.9,3.6
6,110002822,110002825,rs47970494,4174357032238806204,CC074/Unc:CC074/Unc,NA,0,89.9,3.6
6,110002822,110002825,rs47970494,946045825327200229,SKIVE/EiJ:SKIVE/EiJ,NA,0,89.9,3.6
6,110002822,110002825,rs47970494,6700245599351285766,CZECHI/EiJ:CZECHI/EiJ,NA,0,89.9,3.6
6,110002822,110002825,rs47970494,9126142488701751896,CC015/Unc:CC015/Unc,NA,0,89.9,3.6
6,110002822,110002825,rs47970494,917260239129299322,QSi5:QSi5,NA,0,89.9,3.6
6,110002822,110002825,rs47970494,2730685979471491128,MAI/Pas:MAI/Pas,NA,0,89.9,3.6
6,110002822,110002825,rs47970494,8075266192483636916,IS/CamRkJ:IS/CamRkJ,NA,0,89.9,3.6
6,110002822,110002825,rs47970494,4211755476448782599,PERC/EiJ:PERC/EiJ,NA,0,89.9,3.6
6,110002822,110002825,rs47970494,8726874488698623782,SEG/Pas:SEG/Pas,NA,0,89.9,3.6
6,110002822,110002825,rs47970494,544288285177973837,BXD86:BXD86,NA,0,89.9,3.6
6,110002822,110002825,rs47970494,8913048060774007497,O20:O20,NA,0,89.9,3.6
6,110002822,110002825,rs47970494,6357050056192947220,CC027/GeniUnc:CC027/GeniUnc,NA,0,89.9,3.6
6,110001804,110001807,rs212899670,9126142488701751896,CC015/Unc:CC015/Unc,NA,0,89.9,3.6
6,110001804,110001807,rs212899670,4211755476448782599,PERC/EiJ:PERC/EiJ,NA,0,89.9,3.6
6,110001804,110001807,rs212899670,6700245599351285766,CZECHI/EiJ:CZECHI/EiJ,NA,0,89.9,3.6
6,110001804,110001807,rs212899670,917260239129299322,QSi5:QSi5,NA,0,89.9,3.6
6,110001804,110001807,rs212899670,4174357032238806204,CC074/Unc:CC074/Unc,NA,0,89.9,3.6
6,110001804,110001807,rs212899670,4550647939340808838,CC050/Unc:CC050/Unc,NA,0,89.9,3.6
6,110001804,110001807,rs212899670,5896854098957104737,TIRANO/EiJ:TIRANO/EiJ,NA,0,89.9,3.6
6,110001804,110001807,rs212899670,544288285177973837,BXD86:BXD86,NA,0,89.9,3.6
6,110001804,110001807,rs212899670,9091799938072091109,NU/J:NU/J,NA,0,89.9,3.6
6,110001804,110001807,rs212899670,3035663866018227137,CALB/RkJ:CALB/RkJ,NA,0,89.9,3.6
6,110001804,110001807,rs212899670,8913048060774007497,O20:O20,NA,0,89.9,3.6
6,110001804,110001807,rs212899670,4390561092167531408,PANCEVO/EiJ:PANCEVO/EiJ,NA,0,89.9,3.6
6,110001804,110001807,rs212899670,3167128218464671366,PAHARI/EiJ:PAHARI/EiJ,NA,0,89.9,3.6
6,110001804,110001807,rs212899670,8726874488698623782,SEG/Pas:SEG/Pas,NA,0,89.9,3.6
6,110001804,110001807,rs212899670,5128392437525108904,CC035/Unc:CC035/Unc,NA,0,89.9,3.6
6,110001804,110001807,rs212899670,8108409869693578357,CAROLI/EiJ:CAROLI/EiJ,NA,0,89.9,3.6
6,110001804,110001807,rs212899670,946045825327200229,SKIVE/EiJ:SKIVE/EiJ,NA,0,89.9,3.6
6,110001804,110001807,rs212899670,2730685979471491128,MAI/Pas:MAI/Pas,NA,0,89.9,3.6
6,110001804,110001807,rs212899670,8075266192483636916,IS/CamRkJ:IS/CamRkJ,NA,0,89.9,3.6
6,110001804,110001807,rs212899670,6357050056192947220,CC027/GeniUnc:CC027/GeniUnc,NA,0,89.9,3.6
6,110001804,110001807,rs212899670,1187072742236465192,CZECHII/EiJ:CZECHII/EiJ,NA,0,89.9,3.6
6,110002193,110002196,rs212987900,3035663866018227137,CALB/RkJ:CALB/RkJ,NA,0,89.9,3.6
6,110002193,110002196,rs212987900,1187072742236465192,CZECHII/EiJ:CZECHII/EiJ,NA,0,89.9,3.6
6,110002193,110002196,rs212987900,5896854098957104737,TIRANO/EiJ:TIRANO/EiJ,NA,0,89.9,3.6
6,110002193,110002196,rs212987900,4390561092167531408,PANCEVO/EiJ:PANCEVO/EiJ,NA,0,89.9,3.6
6,110002193,110002196,rs212987900,8108409869693578357,CAROLI/EiJ:CAROLI/EiJ,NA,0,89.9,3.6
6,110002193,110002196,rs212987900,9126142488701751896,CC015/Unc:CC015/Unc,NA,0,89.9,3.6
6,110002193,110002196,rs212987900,2730685979471491128,MAI/Pas:MAI/Pas,NA,0,89.9,3.6
6,110002193,110002196,rs212987900,6700245599351285766,CZECHI/EiJ:CZECHI/EiJ,NA,0,89.9,3.6
6,110002193,110002196,rs212987900,8075266192483636916,IS/CamRkJ:IS/CamRkJ,NA,0,89.9,3.6
6,110002193,110002196,rs212987900,946045825327200229,SKIVE/EiJ:SKIVE/EiJ,NA,0,89.9,3.6
6,110002193,110002196,rs212987900,8913048060774007497,O20:O20,NA,0,89.9,3.6
6,110002193,110002196,rs212987900,4211755476448782599,PERC/EiJ:PERC/EiJ,NA,0,89.9,3.6
6,110002193,110002196,rs212987900,544288285177973837,BXD86:BXD86,NA,0,89.9,3.6
6,110002193,110002196,rs212987900,4550647939340808838,CC050/Unc:CC050/Unc,NA,0,89.9,3.6
6,110002193,110002196,rs212987900,8726874488698623782,SEG/Pas:SEG/Pas,NA,0,89.9,3.6
6,110002193,110002196,rs212987900,6357050056192947220,CC027/GeniUnc:CC027/GeniUnc,NA,0,89.9,3.6
6,110002193,110002196,rs212987900,9091799938072091109,NU/J:NU/J,NA,0,89.9,3.6
6,110002193,110002196,rs212987900,4174357032238806204,CC074/Unc:CC074/Unc,NA,0,89.9,3.6
6,110002193,110002196,rs212987900,917260239129299322,QSi5:QSi5,NA,0,89.9,3.6
6,110002193,110002196,rs212987900,3167128218464671366,PAHARI/EiJ:PAHARI/EiJ,NA,0,89.9,3.6
6,110002193,110002196,rs212987900,5128392437525108904,CC035/Unc:CC035/Unc,NA,0,89.9,3.6
6,110002354,110002357,rs214047193,9091799938072091109,NU/J:NU/J,NA,0,89.9,3.6
